name,earnings_yield,eps_ttm,trailing_pe,pc_return_on_equity_ttm,pc_return_on_assets_ttm,market_cap,ent_val,pc_profit_margin,pc_operating_margin_ttm,total_cash,total_debt,q_revenue_growth,q_earnings_growth,
KMB,0.04803073967339097,6.24,20.82,968.92,13.65,44360000000,52370000000,11.69,17.64,442000000,8180000000,0.3,33.1
NRG,0.641025641025641,16.81,1.56,779.7,7.08,6570000000,13510000000,45.19,13.35,345000000,6450000000,10.2,None
CL,0.040666937779585195,2.75,24.59,669.4,16.61,57980000000,66020000000,15.08,23.03,906000000,8480000000,5.4,6.1
MAS,0.09960159362549802,3.23,10.04,523.08,12.91,8550000000,11460000000,13.94,16.04,697000000,2970000000,79.9,133.5
IDXX,0.020846362309776944,4.89,47.97,507.49,21.0,19990000000,20990000000,17.77,23.53,90330000,1070000000,10.2,5.7
ORLY,0.06053268765133172,17.88,16.52,370.45,12.85,21930000000,27940000000,13.71,18.94,40410000,5860000000,7.3,8.2
LMT,0.06261740763932373,21.95,15.97,269.7,10.41,98790000000,111110000000,10.42,12.87,1510000000,13760000000,10.2,19.6
MCO,0.0355366027007818,7.42,28.14,191.43,13.08,39090000000,43580000000,29.45,42.89,1930000000,6150000000,16.3,43.4
LOW,0.029647198339756896,2.94,33.73,152.46,11.12,77700000000,84930000000,5.93,9.12,876000000,23750000000,2.4,None
MA,0.03350083752093802,7.94,29.85,141.43,22.34,238240000000,239950000000,48.08,57.26,7680000000,9290000000,15.9,133.6
UPS,0.05678591709256105,5.11,17.61,140.51,6.41,77260000000,99720000000,5.99,7.47,5740000000,28180000000,3.6,None
NTAP,0.11415525114155252,4.26,8.76,134.79,7.58,8260000000,7230000000,18.19,17.2,3020000000,1990000000,10.2,11.2
CLX,0.03577817531305903,6.35,27.95,125.83,13.21,22210000000,25190000000,13.31,18.15,168000000,3150000000,1.6,1.6
MTD,0.03563791874554526,22.47,28.06,111.02,16.95,15120000000,16340000000,18.65,24.37,207780000,1380000000,3.2,6.4
QCOM,0.05402485143165856,3.52,18.51,104.38,15.59,74560000000,79070000000,17.31,34.28,11420000000,15930000000,4.9,13.4
CTXS,0.03558718861209964,5.03,28.1,98.16,7.5,17290000000,17700000000,22.65,18.99,588820000,999330000,1.0,25.0
STX,0.13513513513513511,6.18,7.4,97.61,12.08,11940000000,15930000000,13.73,15.68,1390000000,4520000000,17.5,48.8
SPGI,0.036010082823190494,8.6,27.77,90.17,18.99,57540000000,62330000000,31.69,47.16,2890000000,4680000000,12.9,5.9
WAT,0.048285852245292124,8.69,20.71,87.67,14.26,11180000000,12620000000,24.61,29.79,337140000,1780000000,0.2,8.4
MAR,0.06430868167202572,3.8,15.55,86.95,5.31,19150000000,30880000000,23.69,38.53,225000000,11950000000,6.0,12.0
ROK,0.05339028296849973,7.84,18.73,80.57,12.53,17050000000,19070000000,13.75,19.41,926800000,2620000000,2.6,286.9
ITW,0.05512679162072767,7.74,18.14,80.18,14.31,44580000000,50730000000,17.87,24.28,1980000000,7940000000,3.1,5.6
SYY,0.08841732979664013,3.49,11.31,76.11,8.98,20090000000,29140000000,3.0,4.46,539630000,9560000000,1.8,43.4
HSY,0.0390625,5.46,25.6,72.76,13.24,20700000000,33310000000,14.4,21.02,493260000,4480000000,4.0,38.5
AMGN,0.06269592476489029,12.88,15.95,70.74,9.63,121150000000,142670000000,33.57,41.61,8910000000,30430000000,0.5,11.7
CELG,0.07513148009015777,8.13,13.31,69.39,13.69,77040000000,86210000000,34.62,48.75,10900000000,20070000000,16.1,56.3
LLY,0.06369426751592357,8.89,15.7,68.16,9.01,133660000000,140210000000,37.27,26.88,2440000000,15970000000,8.5,33.0
SPG,0.04627487274409996,6.81,21.61,67.12,5.81,58800000000,76110000000,42.09,51.12,436800000,23710000000,1.0,11.6
BKNG,0.09082652134423251,111.82,11.01,66.11,15.15,50530000000,52470000000,32.29,35.48,7310000000,9250000000,3.9,81.3
ZTS,0.027137042062415195,3.11,36.85,61.31,12.28,54430000000,59150000000,23.96,35.03,1940000000,6650000000,7.0,11.3
HLT,0.05434782608695653,3.04,18.4,60.47,6.76,15520000000,24160000000,23.39,41.56,538000000,9160000000,0.3,21.9
TJX,0.0651890482398957,2.67,15.34,59.51,14.35,49060000000,57310000000,7.84,10.59,3220000000,11460000000,9.7,17.0
CDNS,0.05521811154058531,3.53,18.11,58.32,10.79,17950000000,17660000000,42.33,21.52,709810000,456360000,5.2,570.2
HBI,0.22883295194508008,1.64,4.37,56.98,8.0,2570000000,6170000000,8.62,13.41,328880000,3900000000,1.0,21.1
ALLE,0.05068423720223011,4.26,19.73,56.86,12.29,7780000000,8940000000,14.08,19.91,356000000,1510000000,2.4,39.2
TXN,0.05238344683080147,5.24,19.09,56.05,20.2,93350000000,94130000000,34.88,39.51,5390000000,6140000000,9.9,13.6
AAPL,0.052164840897235255,12.6,19.17,55.47,11.58,1060000000000,1070000000000,21.49,24.71,107160000000,116750000000,8.9,11.4
ORCL,0.0643915003219575,3.18,15.53,55.01,8.61,155790000000,184140000000,27.06,35.72,25860000000,53570000000,1.9,6.3
JWN,0.24390243902439027,3.18,4.1,53.56,5.79,2040000000,5980000000,3.2,5.26,853000000,4790000000,1.2,22.6
KLAC,0.05571030640668524,7.13,17.95,53.05,12.4,20060000000,21900000000,21.55,27.92,1680000000,3500000000,34.8,3.1
INTU,0.028296547821165814,6.18,35.34,50.01,19.85,56890000000,55380000000,22.89,26.81,2270000000,754000000,12.9,27.0
PEP,0.041736227045075125,5.2,23.96,49.9,8.58,173730000000,201100000000,10.89,15.97,5740000000,33630000000,5.7,74.2
ROST,0.06153846153846154,4.3,16.25,49.84,17.4,26600000000,28740000000,10.35,13.38,1350000000,3490000000,7.5,3.3
IBM,0.09940357852882703,10.57,10.06,49.77,4.89,94470000000,153770000000,12.23,13.98,8870000000,68160000000,0.1,88.1
ADP,0.04403346543372963,5.66,22.71,48.64,4.57,55510000000,56470000000,16.94,22.11,1510000000,2470000000,5.1,16.7
NKE,0.034352456200618345,2.71,29.11,47.96,13.18,122810000000,126200000000,10.46,12.55,3180000000,6660000000,5.1,23.1
VNO,0.5076142131979695,16.21,1.97,47.32,1.73,6090000000,15750000000,157.12,24.55,1520000000,8000000000,11.5,82.0
MMM,0.05837711617046118,7.81,17.13,45.88,10.99,76960000000,95920000000,14.22,22.21,2450000000,21300000000,2.1,28.1
BBY,0.1075268817204301,5.75,9.3,45.42,9.01,13740000000,15470000000,3.53,4.7,2350000000,4070000000,2.7,1.4
EA,0.09233610341643582,9.5,10.83,44.99,7.84,29790000000,25420000000,52.52,23.31,5600000000,1240000000,23.6,32.1
KO,0.04723665564478034,2.07,21.17,44.75,7.83,188180000000,223150000000,23.94,28.51,11190000000,44180000000,16.2,134.7
BIIB,0.10460251046025104,31.42,9.56,44.66,17.31,52310000000,54270000000,40.96,50.6,4480000000,6440000000,4.1,52.1
MSFT,0.037327360955580445,5.74,26.79,43.83,11.38,1170000000000,1120000000000,33.02,36.74,134230000000,87150000000,13.7,38.3
GWW,0.06418485237483953,15.32,15.58,43.1,14.81,12810000000,15100000000,7.39,12.25,360000000,2440000000,3.0,50.7
LYB,0.1288659793814433,11.12,7.76,42.79,10.7,32090000000,42960000000,11.24,12.79,788000000,11550000000,10.1,33.8
CAT,0.09363295880149813,10.74,10.68,42.45,6.46,63080000000,94140000000,11.32,15.08,7300000000,38320000000,8.4,4.8
EL,0.03286230693394676,5.06,30.43,41.95,11.94,55400000000,59700000000,11.76,18.44,3600000000,7870000000,15.5,2.8
BSX,0.10683760683760685,3.33,9.36,41.59,4.38,43610000000,53650000000,43.78,16.82,217000000,10350000000,13.4,935.2
OMC,0.12224938875305624,5.87,8.18,41.43,5.05,10750000000,14020000000,8.95,13.88,4310000000,6850000000,1.3,4.0
PAYX,0.051546391752577324,3.07,19.4,41.35,9.33,21360000000,21500000000,26.98,36.06,853800000,990600000,6.8,9.2
RHI,0.1026694045174538,3.9,9.74,41.18,18.4,4370000000,4310000000,7.48,10.21,270480000,273830000,3.8,0.6
AON,0.041305245766212306,6.37,24.21,41.05,5.92,35650000000,43520000000,13.91,24.0,818000000,8570000000,4.2,8.4
LRCX,0.061919504643962855,13.5,16.15,40.72,13.26,31750000000,31600000000,21.67,25.2,4680000000,4530000000,2.4,9.6
SHW,0.03926187671770711,16.49,25.47,39.25,7.52,38560000000,45720000000,8.61,13.32,161800000,10430000000,1.2,146.3
EBAY,0.07117437722419928,2.09,14.05,39.17,7.31,23410000000,29010000000,16.54,22.2,2820000000,8420000000,1.9,26.8
ULTA,0.07751937984496124,12.15,12.9,37.93,13.98,8830000000,10260000000,9.54,12.18,502320000,1940000000,8.5,3.7
CCK,0.07178750897343862,3.78,13.93,37.0,4.79,7150000000,14990000000,4.37,10.12,607000000,8180000000,2.1,64.2
MRK,0.04997501249375312,3.81,20.01,36.98,11.28,193390000000,210390000000,21.01,32.19,10450000000,27350000000,7.9,29.0
TSCO,0.0586166471277843,4.66,17.06,35.94,11.14,9220000000,11950000000,6.73,8.93,84800000,2710000000,2.7,5.4
V,0.036062026685899744,5.48,27.73,35.68,13.43,336480000000,336300000000,52.6,66.86,12670000000,17260000000,10.0,9.9
VFC,0.06596306068601583,3.22,15.16,35.44,12.04,19290000000,22250000000,9.03,14.19,583950000,3540000000,4.9,0.3
HII,0.08375209380234507,18.58,11.94,35.37,7.03,9220000000,8790000000,6.17,8.48,75000000,1480000000,9.7,29.7
CHRW,0.061500615006150054,4.19,16.26,35.33,10.89,8950000000,10300000000,3.77,5.16,447860000,1560000000,8.3,47.0
ALGN,0.035868005738880916,5.53,27.88,34.07,14.12,12140000000,11330000000,18.4,21.38,868630000,59200000,21.7,24.5
ACN,0.05037783375314861,7.66,19.85,34.01,13.44,97060000000,95340000000,11.13,14.66,5440000000,3410000000,6.6,9.8
VZ,0.08503401360544217,3.87,11.76,33.67,7.08,226460000000,359000000000,14.61,23.9,2590000000,133920000000,1.4,162.8
HON,0.066006600660066,8.41,15.15,33.61,8.06,90140000000,97330000000,16.73,20.44,10420000000,16710000000,2.4,9.2
AMAT,0.07132667617689016,3.02,14.02,33.52,11.26,38830000000,40340000000,18.83,23.2,3960000000,5470000000,10.9,15.7
AMP,0.15408320493066255,13.92,6.49,33.45,1.31,11110000000,11440000000,14.69,23.57,5280000000,5590000000,3.2,14.1
XLNX,0.04312203536006899,3.41,23.19,33.16,10.57,19680000000,18560000000,27.05,26.95,2430000000,1300000000,9.6,32.3
DAL,0.3246753246753247,7.3,3.08,32.83,6.66,14390000000,29430000000,10.14,14.15,2890000000,17990000000,6.5,7.8
WHR,0.2232142857142857,18.45,4.48,32.72,4.42,5180000000,10100000000,5.8,6.45,1950000000,5940000000,4.9,69.4
URI,0.16583747927031509,15.11,6.03,32.46,7.57,6750000000,18860000000,12.56,24.02,52000000,12140000000,6.5,9.0
COG,0.09398496240601503,1.63,10.64,32.13,12.65,6920000000,7970000000,34.3,44.26,200230000,1260000000,30.8,46.6
PGR,0.08849557522123894,6.72,11.3,31.92,6.59,44450000000,47750000000,10.18,13.72,2020000000,4610000000,33.7,304.5
FAST,0.04526935264825713,1.38,22.09,31.84,18.54,17510000000,17920000000,14.83,19.8,174900000,590600000,3.7,5.9
ADBE,0.02247696111485727,6.6,44.49,31.79,10.77,141460000000,142000000000,27.72,30.1,4170000000,4710000000,18.8,41.7
UNP,0.060459492140266025,8.38,16.54,30.71,8.91,95650000000,121790000000,27.27,39.69,891000000,27030000000,9.5,9.7
EXPD,0.05053057099545225,3.52,19.79,30.37,14.43,11270000000,11730000000,7.49,9.53,1190000000,348190000,8.9,3.0
K,0.04403346543372963,2.8,22.71,30.19,5.96,21780000000,30390000000,7.07,12.42,404000000,8480000000,2.8,None
TROW,0.09140767824497258,8.7,10.94,29.81,17.53,22210000000,21950000000,37.94,42.49,1780000000,146300000,12.5,55.0
AXP,0.10857763300760043,7.99,9.21,29.8,3.49,59310000000,100870000000,16.91,21.49,24000000000,65400000000,8.6,15.8
CTAS,0.05367686527106817,8.81,18.63,29.46,10.36,17090000000,19880000000,13.19,17.5,234440000,3030000000,7.6,15.3
ADS,0.2061855670103093,5.46,4.85,29.21,2.33,1260000000,19990000000,4.98,18.96,3870000000,22600000000,0.2,65.8
NFLX,0.01141682840506907,4.13,87.59,29.12,5.43,158740000000,170100000000,9.26,12.92,5020000000,16370000000,30.6,338.3
CSCO,0.06565988181221273,2.56,15.23,28.97,9.37,165650000000,155660000000,21.44,28.06,27060000000,17070000000,3.5,2.0
EW,0.026075619295958277,4.93,38.35,28.73,13.13,39200000000,38700000000,24.08,28.53,1520000000,678800000,20.1,902.9
MNST,0.037439161362785474,2.03,26.71,28.47,18.27,29110000000,27810000000,26.37,33.67,1330000000,29950000,10.1,6.6
AMT,0.019029495718363463,4.24,52.55,28.41,4.72,98680000000,129770000000,24.9,37.79,1500000000,31060000000,9.8,102.7
TGT,0.06872852233676975,6.36,14.55,28.27,7.03,46370000000,57770000000,4.2,6.05,2580000000,13970000000,1.8,4.5
AVY,0.03813882532418002,3.57,26.22,28.12,9.58,7800000000,9590000000,4.29,11.56,283900000,2080000000,0.2,67.4
DE,0.07570022710068129,10.26,13.21,28.12,3.72,42500000000,84530000000,8.42,10.85,3310000000,45320000000,4.4,3.8
UAL,0.5050505050505051,11.58,1.98,27.9,5.62,5670000000,21180000000,6.96,10.56,4940000000,20450000000,3.8,39.0
INTC,0.08703220191470844,4.71,11.49,27.68,10.6,231700000000,247940000000,29.25,31.17,13120000000,29550000000,8.3,32.9
RTN,0.1019367991845056,11.92,9.81,27.58,7.69,32570000000,33990000000,11.46,14.18,4290000000,5680000000,6.5,6.4
DRI,0.11273957158962797,5.13,8.87,27.45,5.88,5500000000,10930000000,7.25,8.41,321700000,5760000000,4.5,3.9
CSX,0.07347538574577517,4.17,13.61,27.25,8.23,43750000000,58780000000,27.9,41.38,1950000000,16790000000,8.2,8.5
CMI,0.10952902519167579,14.48,9.13,27.12,8.33,19590000000,22230000000,9.59,10.96,1470000000,2870000000,8.9,48.2
LEG,0.10869565217391305,2.47,9.2,27.04,7.86,3000000000,5030000000,7.02,10.84,247600000,2280000000,9.4,63.8
APH,0.0547945205479452,3.75,18.25,26.88,9.83,20400000000,23360000000,14.04,19.93,908600000,3810000000,3.3,5.7
GIS,0.061312078479460456,3.48,16.31,26.73,6.26,34370000000,48630000000,12.68,18.08,606900000,14040000000,0.4,1.6
AIV,0.10277492291880781,3.15,9.73,26.55,1.51,4560000000,9890000000,51.81,17.22,142900000,4560000000,0.5,702.5
NOC,0.0594883997620464,13.22,16.81,26.44,4.71,53520000000,65780000000,6.64,8.77,2240000000,15450000000,6.9,None
APTV,0.08896797153024912,3.85,11.24,26.27,6.79,11050000000,15620000000,6.9,9.81,412000000,4790000000,1.1,6.9
EMR,0.07668711656441718,3.51,13.04,26.17,9.03,27970000000,32890000000,11.79,16.32,1640000000,6520000000,0.1,29.9
PCAR,0.11148272017837234,6.87,8.97,26.1,7.04,21340000000,27460000000,9.33,11.85,5170000000,11290000000,2.6,8.1
IT,0.027878449958182328,2.56,35.87,26.07,3.55,8180000000,11060000000,5.49,8.93,280840000,3160000000,10.5,19.4
NVDA,0.018532246108228317,4.52,53.96,25.95,11.62,149270000000,141020000000,25.61,26.07,10900000000,2640000000,40.8,68.0
DFS,0.3184713375796178,9.08,3.14,25.73,2.65,8740000000,28140000000,35.94,47.78,6920000000,25710000000,5.0,3.1
PFE,0.08525149190110827,2.87,11.73,25.62,5.75,186620000000,230620000000,31.44,29.07,9880000000,53470000000,9.2,None
JNJ,0.04196391103650861,5.63,23.83,25.36,8.48,353720000000,362200000000,18.42,25.68,19980000000,28680000000,1.7,31.8
SYF,0.42016806722689076,5.56,2.38,25.18,3.54,8130000000,16580000000,41.03,56.74,12150000000,19870000000,4.3,6.6
DG,0.04093327875562833,6.64,24.43,25.13,7.92,40860000000,46000000000,6.16,8.2,271110000,10870000000,8.3,5.5
PPG,0.04714757190004715,5.45,21.21,25.04,6.87,27300000000,23650000000,8.21,12.24,1280000000,5840000000,0.7,13.2
WM,0.04391743522178305,3.91,22.77,25.04,6.87,37710000000,51580000000,10.81,17.92,3560000000,13940000000,0.1,15.8
COST,0.029515938606847696,8.52,33.88,24.56,6.7,127460000000,127910000000,2.39,3.1,8710000000,8780000000,10.4,4.7
HUM,0.06891798759476224,20.1,14.51,24.39,7.43,38530000000,29840000000,4.17,4.99,15030000000,6340000000,15.0,44.2
GILD,0.05396654074473826,4.22,18.53,24.28,5.07,98470000000,99600000000,23.99,22.66,24670000000,25320000000,1.4,766.7
KMX,0.10604453870625663,5.15,9.43,24.28,3.9,7940000000,23460000000,4.17,5.84,56580000,15570000000,11.6,9.0
CPB,0.09671179883945842,4.79,10.34,24.25,5.66,14950000000,20980000000,17.95,14.4,58000000,6080000000,0.5,None
PKG,0.09115770282588878,7.34,10.97,24.25,9.7,7640000000,9530000000,10.0,15.39,767400000,2730000000,1.5,33.4
IPG,0.12376237623762376,1.68,8.08,24.11,4.17,5270000000,9840000000,7.61,12.91,1190000000,5020000000,0.8,0.8
CHD,0.036062026685899744,2.44,27.73,24.05,8.19,16630000000,18720000000,14.13,19.14,155700000,2250000000,6.5,1.1
UNH,0.062460961898813235,14.33,16.01,24.05,7.55,217690000000,252630000000,5.72,8.13,14250000000,44640000000,4.3,16.5
FFIV,0.06093845216331505,6.54,16.41,23.68,9.27,6520000000,5750000000,17.43,22.12,1160000000,384820000,4.7,24.7
HOG,0.17825311942959002,2.68,5.61,23.68,3.64,2300000000,9310000000,7.9,11.5,470650000,7520000000,6.4,626.5
JBHT,0.053134962805526036,4.77,18.82,23.64,8.96,9540000000,10920000000,5.63,8.26,35000000,1420000000,5.7,63.1
ALXN,0.11918951132300357,10.7,8.39,23.53,8.5,19940000000,19950000000,48.17,42.87,2750000000,2820000000,22.6,None
DOV,0.05959475566150178,4.61,16.78,23.37,7.76,11150000000,14010000000,9.5,14.82,397250000,3240000000,1.8,18.8
LUV,0.08326394671107411,4.27,12.01,23.37,7.07,27530000000,15730000000,10.25,13.14,4070000000,4000000000,0.5,21.6
ILMN,0.02558199027884369,6.74,39.09,23.24,9.0,38730000000,37200000000,28.28,29.01,3410000000,1880000000,9.8,13.8
CBRE,0.10615711252653928,3.77,9.42,22.89,5.9,11930000000,14750000000,5.37,5.86,971780000,4070000000,13.1,61.9
CINF,0.17035775127768313,12.1,5.87,22.57,6.67,11520000000,11670000000,25.2,31.87,767000000,885000000,203.1,None
PH,0.09082652134423251,10.52,11.01,22.51,7.1,14870000000,23690000000,9.63,14.54,1090000000,9900000000,0.7,34.4
CMG,0.020263424518743668,12.38,49.35,22.42,8.13,16970000000,18940000000,6.27,8.58,880780000,2850000000,17.6,126.2
VRTX,0.018925056775170323,4.51,52.84,22.37,10.32,61790000000,58650000000,28.27,28.87,3810000000,673170000,62.4,62.4
AMZN,0.012068549360366883,23.01,82.86,21.94,4.64,949120000000,971630000000,4.13,5.14,55020000000,77540000000,20.8,8.0
HAS,0.060496067755595885,4.05,16.53,21.91,4.87,9170000000,8750000000,11.03,11.66,4610000000,4190000000,2.8,949.8
AOS,0.06188118811881188,2.22,16.16,21.87,9.38,5810000000,5590000000,12.36,15.36,551400000,334700000,7.6,27.7
SIVB,0.15600624024961,19.91,6.41,21.8,1.93,7180000000,8990000000,38.56,54.84,2630000000,1010000000,39.7,48.1
SNA,0.12987012987012986,12.41,7.7,21.72,10.85,5220000000,6280000000,17.05,23.62,184400000,1220000000,0.4,2.5
COP,0.19455252918287938,6.4,5.14,21.63,6.61,35440000000,41250000000,21.56,22.3,10230000000,15830000000,21.4,61.5
RMD,0.02047921359819783,3.13,48.83,21.59,10.61,22120000000,23320000000,16.34,25.03,204100000,1400000000,13.1,28.8
DVA,0.08045052292839903,5.27,12.43,21.47,6.02,8230000000,19660000000,7.12,15.41,1110000000,11180000000,2.7,None
OSK,0.09302325581395349,7.83,10.75,21.45,8.77,5590000000,4970000000,6.6,8.98,264000000,992500000,6.0,30.6
REGN,0.037425149700598806,18.46,26.72,21.32,10.57,54280000000,51230000000,26.91,28.55,3210000000,737500000,12.5,3.5
GRMN,0.0697350069735007,4.99,14.34,21.27,10.23,13650000000,12310000000,25.35,25.17,1400000000,64000000,18.3,89.7
MMC,0.04268032437046521,3.29,23.43,21.25,7.34,40260000000,63170000000,11.16,20.13,1120000000,14920000000,1.8,3.8
ABC,0.03795066413662239,3.09,26.35,20.82,2.94,16750000000,18340000000,0.36,1.03,3230000000,4710000000,5.4,52.3
VRSK,0.019062142584826535,2.7,52.46,20.77,8.02,23100000000,26310000000,17.26,31.88,188200000,3400000000,10.2,9.6
RL,0.13908205841446453,8.48,7.19,20.55,6.74,4500000000,5410000000,10.4,11.42,1910000000,2820000000,1.4,178.4
ROP,0.05611672278338945,16.82,17.82,20.52,5.61,31800000000,36640000000,32.94,27.92,709700000,5550000000,1.3,238.8
ALL,0.1631321370309951,14.03,6.13,20.49,3.53,27240000000,32110000000,10.85,14.68,4590000000,7220000000,21.0,None
MKC,0.03546099290780142,5.21,28.2,20.22,5.98,19520000000,23940000000,13.13,18.6,170800000,4570000000,1.6,2.2
OKE,0.14184397163120568,3.07,7.05,19.97,5.94,8940000000,21870000000,12.58,18.73,20960000,12950000000,15.1,9.3
FB,0.041701417848206836,6.43,23.98,19.96,13.0,439480000000,395700000000,26.15,33.93,54860000000,11070000000,24.6,6.8
SWKS,0.0594883997620464,4.78,16.81,19.89,11.61,13620000000,12630000000,25.02,27.66,1190000000,160200000,7.8,9.8
PHM,0.19305019305019305,3.66,5.18,19.79,8.11,5100000000,7120000000,9.96,13.27,1230000000,3240000000,0.6,41.3
INCY,0.026082420448617628,2.05,38.34,19.75,8.67,17040000000,14990000000,20.7,19.51,2120000000,72080000,9.6,60.7
FL,0.24570024570024568,4.5,4.07,19.72,8.56,1910000000,4320000000,6.13,8.91,907000000,3320000000,2.2,15.2
DISCA,0.1349527665317139,2.48,7.41,19.69,6.19,9060000000,29510000000,18.57,29.46,1560000000,16370000000,2.3,77.0
DISCK,0.14705882352941177,2.48,6.8,19.69,6.19,9090000000,28470000000,18.57,29.46,1560000000,16370000000,2.3,77.0
PNR,0.07347538574577517,2.09,13.61,19.09,7.03,4760000000,5800000000,12.03,15.12,82500000,1110000000,2.0,5.3
ALK,0.2506265664160401,6.19,3.99,19.03,5.6,3030000000,4730000000,8.76,12.2,1520000000,3220000000,7.9,687.0
MGM,0.3663003663003663,3.88,2.73,18.98,2.77,5210000000,23460000000,16.44,11.38,2330000000,15540000000,4.7,None
WMT,0.043440486533449174,5.19,23.02,18.86,5.89,338400000000,408950000000,2.84,4.1,9460000000,73130000000,2.1,12.3
FMC,0.05107252298263534,3.62,19.58,18.83,6.74,9170000000,12300000000,10.36,23.22,339100000,3450000000,8.9,None
ECL,0.036192544335866814,5.33,27.63,18.79,7.17,42580000000,49220000000,10.46,15.75,186400000,6930000000,1.7,8.7
FBHS,0.08635578583765112,3.06,11.58,18.72,7.55,4950000000,6930000000,7.49,12.85,387900000,2360000000,3.5,22.2
HSIC,0.10030090270812436,4.65,9.97,18.67,5.85,6650000000,8460000000,6.96,7.34,106100000,998350000,7.9,148.1
WYNN,0.023713540431586435,8.15,42.17,18.56,4.15,5210000000,13230000000,1.86,13.59,2350000000,10600000000,2.0,None
ISRG,0.018412815319462345,9.61,54.31,18.46,9.78,60260000000,50510000000,30.8,30.71,3220000000,76400000,22.1,22.3
KR,0.06317119393556538,3.76,15.83,18.43,3.93,25120000000,45890000000,1.36,2.14,399000000,21200000000,2.1,26.3
AME,0.052603892688058915,3.75,19.01,18.41,7.73,16340000000,18900000000,16.7,22.18,393030000,2950000000,2.6,4.4
GOOG,0.04478280340349306,49.16,22.33,18.12,8.96,753270000000,650850000000,21.22,22.54,119680000000,15970000000,17.3,19.3
GOOGL,0.0449842555105713,49.16,22.23,18.12,8.96,752270000000,647290000000,21.22,22.54,119680000000,15970000000,17.3,19.3
DHI,0.14598540145985403,4.69,6.85,17.82,9.01,11770000000,14330000000,9.74,12.29,1550000000,3820000000,14.3,50.2
NSC,0.07199424046076314,10.25,13.89,17.82,6.83,36590000000,49130000000,24.1,35.87,580000000,13010000000,7.1,5.1
HRL,0.045351473922902494,1.82,22.05,17.8,9.39,21420000000,21230000000,10.38,12.35,646000000,250000000,0.6,19.0
SCHW,0.0794912559618442,2.67,12.58,17.46,1.25,43250000000,4060000000,34.55,45.8,51280000000,9330000000,2.4,8.9
NEM,0.08084074373484236,3.81,12.37,17.42,3.62,38090000000,43500000000,28.8,18.02,2480000000,6910000000,44.9,150.0
FOX,0.13245033112582782,2.86,7.55,17.37,8.6,13380000000,18670000000,15.22,19.93,1990000000,7320000000,5.4,650.0
FOXA,0.12820512820512822,2.86,7.8,17.37,8.6,13320000000,19100000000,15.22,19.93,1990000000,7320000000,5.4,650.0
BWA,0.1694915254237288,3.61,5.9,17.35,7.62,4400000000,5750000000,7.34,11.86,832000000,2040000000,0.6,4.3
GPC,0.07278020378457059,4.24,13.74,17.33,5.14,8470000000,12760000000,3.2,5.79,276990000,4550000000,2.2,95.2
NAVI,0.42372881355932207,2.56,2.36,17.31,0.6,1170000000,90580000000,34.35,41.66,1440000000,90840000000,39.1,138.9
TPR,0.18450184501845018,2.05,5.42,17.18,6.75,3060000000,5730000000,9.72,14.19,1170000000,3830000000,0.8,17.3
SYK,0.037009622501850484,5.48,27.02,16.98,7.38,55500000000,62520000000,13.99,22.76,4420000000,11480000000,8.8,64.9
APD,0.045599635202918376,8.51,21.93,16.78,7.29,41180000000,42830000000,21.1,25.29,2430000000,3710000000,1.4,36.9
CMCSA,0.08333333333333333,2.83,12.0,16.75,5.13,154580000000,263580000000,11.98,19.39,5500000000,111990000000,2.0,25.9
PSA,0.037565740045078885,7.29,26.62,16.74,8.6,33890000000,43020000000,52.14,52.62,409740000,1900000000,3.8,34.2
TIF,0.0346860908775581,4.45,28.83,16.74,7.75,15550000000,16900000000,12.23,16.82,897400000,2240000000,2.8,1.6
AMD,0.007043741635556808,0.3,141.97,16.66,7.45,49870000000,49040000000,5.07,9.38,1500000000,728000000,49.9,347.4
AYI,0.10319917440660475,7.75,9.69,16.47,8.66,2980000000,3100000000,8.61,12.25,266600000,422400000,10.5,28.4
CTSH,0.0758150113722517,3.29,13.19,16.41,10.87,23810000000,22100000000,10.98,16.61,3420000000,1710000000,3.8,39.0
BLL,0.026702269692923896,1.66,37.45,16.29,4.33,20250000000,26580000000,4.93,10.25,1800000000,8060000000,3.0,6.0
IP,0.1044932079414838,3.07,9.57,16.16,4.45,11560000000,21210000000,5.47,10.68,511000000,10200000000,7.6,47.8
CMA,0.2881844380403458,7.87,3.47,16.15,1.66,3840000000,6140000000,36.58,47.94,5470000000,7750000000,5.4,13.2
RJF,0.12820512820512822,7.37,7.8,16.04,2.68,8010000000,3500000000,13.46,18.07,8110000000,3540000000,7.0,7.6
ANTM,0.09082652134423251,18.47,11.01,15.95,5.65,51260000000,46740000000,4.61,6.46,25640000000,21080000000,17.3,119.8
DGX,0.08561643835616438,5.22,11.68,15.95,6.39,9790000000,14160000000,11.1,15.78,1190000000,5440000000,4.7,99.2
EXR,0.033647375504710635,3.23,29.72,15.81,4.92,12460000000,18130000000,31.82,48.88,71960000,5360000000,8.8,10.7
VAR,0.031338138514572234,3.02,31.91,15.66,8.09,8740000000,8700000000,8.36,15.28,721900000,674000000,11.9,14.5
RCL,0.3663003663003663,8.95,2.73,15.65,4.52,5100000000,17220000000,17.16,19.16,243740000,11800000000,7.9,13.5
IRM,0.04215851602023609,0.93,23.72,15.48,3.8,6340000000,16840000000,6.27,18.29,193560000,10630000000,1.7,76.1
A,0.03431708991077557,2.42,29.14,15.46,6.84,21810000000,23230000000,14.59,19.29,1230000000,2650000000,5.7,60.9
SO,0.08952551477170993,4.5,11.17,15.41,2.97,53000000000,105280000000,22.12,26.15,1980000000,48690000000,7.9,58.6
ALB,0.09523809523809523,5.02,10.5,15.39,5.46,5600000000,8330000000,14.85,21.22,613110000,3190000000,7.7,30.3
TTWO,0.02496255616575137,2.96,40.06,15.29,4.9,13440000000,10910000000,11.81,12.66,1980000000,175510000,25.5,9.1
TEL,0.08032128514056225,4.71,12.45,15.25,7.04,19590000000,23370000000,12.01,16.62,742000000,4500000000,5.3,90.6
PYPL,0.02240645305848084,2.07,44.63,15.22,3.68,108370000000,103120000000,13.84,15.7,10760000000,5470000000,17.4,13.2
TXT,0.09652509652509653,3.5,10.36,15.22,4.95,11870000000,8580000000,5.98,8.51,1180000000,4090000000,7.6,19.1
FLS,0.08123476848090982,1.93,12.31,15.06,5.63,3110000000,4030000000,6.43,10.89,670980000,1560000000,8.2,10.6
GM,0.2531645569620253,4.57,3.95,15.03,1.77,25780000000,114040000000,4.91,4.7,20480000000,104570000000,19.7,None
UHS,0.10695187165775401,9.13,9.35,14.97,7.16,7410000000,11730000000,7.16,11.54,61270000,4310000000,5.1,55.1
NCLH,0.5076142131979695,4.3,1.97,14.91,4.64,1800000000,8600000000,14.4,18.33,252880000,7050000000,7.2,21.6
ANSS,0.02405002405002405,5.25,41.58,14.79,8.04,18680000000,18490000000,29.77,34.41,872380000,608460000,17.0,8.3
TSN,0.10298661174047373,5.54,9.71,14.69,5.64,19650000000,31540000000,4.71,6.94,498000000,12250000000,6.1,1.1
WBA,0.10010010010010009,4.08,9.99,14.65,3.6,36070000000,77980000000,2.7,3.37,811000000,42060000000,1.6,24.8
MDLZ,0.052164840897235255,2.65,19.17,14.64,4.18,72610000000,90740000000,14.96,16.44,1310000000,19200000000,2.1,11.8
AJG,0.04616805170821791,3.52,21.66,14.63,2.67,14460000000,18890000000,9.7,11.15,604800000,5080000000,2.9,16.0
ETFC,0.1122334455667789,3.85,8.91,14.58,1.51,7580000000,6770000000,32.52,45.97,3940000000,2480000000,6.6,36.3
FCX,0.11862396204033215,0.17,8.43,14.49,5.55,16230000000,35390000000,11.06,19.64,2950000000,10160000000,22.1,95.5
HIG,0.17605633802816903,5.66,5.68,14.2,2.83,11520000000,13850000000,10.06,14.53,3110000000,5110000000,15.8,179.6
PPL,0.1088139281828074,2.37,9.19,14.17,4.44,16720000000,39140000000,22.47,40.69,815000000,23240000000,0.8,12.3
DISH,0.136986301369863,2.6,7.3,14.1,3.68,9930000000,21900000000,10.93,14.67,2860000000,14280000000,2.0,15.5
JPM,0.12755102040816327,10.72,7.84,14.07,1.37,258370000000,-10770000000,33.11,40.7,877470000000,581340000000,10.3,20.6
UTX,0.07451564828614009,6.41,13.42,13.99,4.69,74500000000,84270000000,7.19,13.33,7380000000,46340000000,8.4,66.6
AKAM,0.03041362530413625,2.9,32.88,13.96,5.75,15440000000,16570000000,16.52,19.82,1540000000,2670000000,8.2,26.7
NDAQ,0.04861448711716091,4.63,20.57,13.96,4.8,15650000000,19040000000,18.16,26.68,454000000,3780000000,6.2,None
XYL,0.03652300949598247,2.21,27.38,13.95,5.82,10880000000,12750000000,7.64,13.24,724000000,2560000000,1.1,47.6
DLTR,0.049407114624505935,3.47,20.24,13.9,5.99,16630000000,26130000000,3.5,6.71,539200000,10030000000,1.8,None
CMS,0.04382120946538125,2.39,22.82,13.85,3.24,15500000000,28970000000,9.93,19.43,140000000,13290000000,1.9,54.6
NTRS,0.08605851979345956,6.63,11.62,13.82,1.11,16120000000,20110000000,24.51,31.94,11360000000,14080000000,2.7,9.5
AAP,0.08077544426494346,6.84,12.38,13.72,4.66,5860000000,8650000000,5.01,7.8,418660000,3240000000,0.4,79.5
ETN,0.07369196757553427,5.25,13.57,13.71,5.58,29310000000,37760000000,10.34,13.33,591000000,8840000000,4.0,28.4
FITB,0.24752475247524752,3.33,4.04,13.41,1.59,9560000000,24960000000,31.83,43.8,3890000000,17540000000,34.3,61.0
FRT,0.0700280112044818,4.61,14.28,13.4,3.37,4980000000,8760000000,37.9,37.75,127530000,3500000000,1.6,170.3
RSG,0.04591368227731864,3.33,21.78,13.38,5.01,23150000000,32080000000,10.42,17.25,50700000,8990000000,1.8,3.9
EOG,0.11806375442739078,4.71,8.47,13.34,6.45,23220000000,27170000000,16.02,21.47,2030000000,5970000000,2.3,28.7
USB,0.13333333333333333,4.16,7.5,13.34,1.44,47450000000,100130000000,32.71,41.45,21120000000,66150000000,3.2,19.9
BLK,0.06798096532970768,28.43,14.71,13.22,2.13,65130000000,64060000000,30.79,38.54,7980000000,5930000000,15.8,40.3
FE,0.04440497335701599,1.68,22.52,13.11,2.79,20560000000,41160000000,8.41,16.93,627000000,21270000000,1.2,None
MTB,0.15015015015015015,13.76,6.66,13.09,1.72,11910000000,27320000000,34.52,48.88,9140000000,12620000000,9.9,36.9
NUE,0.1160092807424594,4.14,8.62,13.06,6.66,10740000000,13920000000,5.63,8.56,1830000000,4590000000,18.5,83.3
DIS,0.06329113924050632,5.94,15.8,12.93,4.72,169490000000,228640000000,13.81,15.11,6830000000,51930000000,36.3,24.4
TMO,0.03248862897985705,9.17,30.78,12.91,4.65,112550000000,128660000000,14.47,16.68,2400000000,18500000000,4.9,11.6
BAX,0.023702299123014935,1.93,42.19,12.82,7.33,41300000000,44010000000,8.81,17.51,3340000000,6010000000,None,None
EMN,0.12150668286755771,5.48,8.23,12.8,4.88,6130000000,11980000000,8.19,13.47,205000000,5980000000,7.2,23.5
ETR,0.07558578987150416,6.3,13.23,12.7,2.21,16740000000,36910000000,11.41,16.28,425720000,20120000000,2.0,None
COO,0.03247807729782397,9.08,30.79,12.69,5.31,13750000000,16890000000,16.99,20.42,76800000,2050000000,2.9,12.3
AFL,0.13661202185792348,4.43,7.32,12.61,1.99,23420000000,26330000000,14.81,20.95,5530000000,8450000000,9.3,48.8
KSS,0.3802281368821293,4.37,2.63,12.59,5.61,1790000000,7190000000,3.46,6.07,723000000,6120000000,0.1,2.6
PSX,0.13123359580052493,6.77,7.62,12.43,3.62,22600000000,36350000000,2.87,3.05,1610000000,13020000000,0.1,67.1
ATVI,0.03250975292587776,1.95,30.76,12.42,5.78,46140000000,43230000000,23.16,26.88,5860000000,2950000000,16.6,23.5
HBAN,0.1858736059479554,1.27,5.38,12.33,1.3,6990000000,19110000000,32.14,40.0,1840000000,12790000000,5.3,5.1
HST,0.13908205841446453,1.26,7.19,12.3,4.21,6330000000,9470000000,16.78,14.99,1570000000,4400000000,2.3,73.6
VLO,0.14492753623188406,5.85,6.9,12.3,4.67,16480000000,25620000000,2.36,3.78,2580000000,10960000000,3.5,11.3
SNPS,0.02498750624687656,3.11,40.02,12.17,4.76,18710000000,18870000000,14.31,15.3,700360000,858520000,1.7,32.2
CCL,0.5076142131979695,4.32,1.97,12.01,4.68,6030000000,16810000000,14.36,15.74,518000000,11520000000,7.3,14.2
MCHP,0.03946329913180742,2.53,25.34,11.98,2.83,15670000000,24670000000,12.23,15.3,402300000,9730000000,6.4,532.3
ABT,0.025926886180969666,2.06,38.57,11.89,4.53,140100000000,155280000000,11.56,15.34,4140000000,19100000000,7.1,60.4
MLM,0.0574712643678161,9.74,17.4,11.88,5.59,10540000000,13790000000,13.84,19.91,21000000,3270000000,7.2,38.8
RE,0.13869625520110956,24.7,7.21,11.88,2.74,7270000000,6850000000,12.25,13.86,1220000000,803740000,19.8,None
CI,0.08203445447087777,13.44,12.19,11.85,3.66,60940000000,93480000000,3.32,5.88,5560000000,38040000000,168.9,578.5
UNM,0.38910505836575876,5.24,2.57,11.84,1.54,2730000000,4800000000,9.17,13.23,1380000000,3440000000,5.3,18.9
XRX,0.3436426116838488,5.8,2.91,11.77,4.72,3600000000,5710000000,14.92,12.45,2740000000,4640000000,3.5,497.1
VMC,0.046707146193367584,4.63,21.41,11.5,5.32,13150000000,16070000000,12.53,17.7,271590000,3200000000,9.0,13.8
PEG,0.07507507507507508,3.33,13.32,11.49,3.41,22410000000,38870000000,16.8,25.19,147000000,16530000000,0.4,119.6
CERN,0.02649708532061473,1.65,37.74,11.45,6.31,19420000000,20070000000,9.3,12.06,541770000,1190000000,5.6,17.5
BEN,0.1607717041800643,2.51,6.22,11.43,6.73,7760000000,4450000000,21.99,27.0,5860000000,1010000000,0.1,27.0
CF,0.08650519031141868,2.23,11.56,11.36,4.71,5570000000,12260000000,10.74,20.39,287000000,4240000000,7.3,12.2
LH,0.07369196757553427,8.35,13.57,11.32,5.35,11000000000,17800000000,7.13,12.68,348100000,7110000000,6.0,43.8
ICE,0.04222972972972973,3.42,23.68,11.31,1.81,44470000000,52240000000,37.16,52.29,841000000,8150000000,0.8,26.7
SWK,0.06666666666666667,6.35,15.0,11.28,5.3,14670000000,19980000000,6.62,11.73,297700000,4090000000,2.2,None
WEC,0.041999160016799666,3.58,23.81,11.28,2.86,26890000000,39780000000,15.07,20.84,37500000,12780000000,6.2,19.0
ZION,0.16863406408094436,4.03,5.93,11.28,1.27,4050000000,13210000000,30.6,41.04,2070000000,6450000000,1.9,10.5
MS,0.15337423312883436,5.19,6.52,11.26,1.06,51870000000,-128390000000,21.83,33.42,496540000000,303240000000,27.0,46.2
CBOE,0.0508130081300813,4.55,19.68,11.23,7.43,9940000000,10520000000,15.02,24.83,300300000,923000000,19.9,37.8
PNC,0.13351134846461948,11.38,7.49,11.16,1.37,36520000000,92830000000,31.48,38.0,10690000000,62970000000,4.7,2.2
AVGO,0.025806451612903226,6.05,38.75,11.07,3.29,93660000000,132620000000,11.64,17.78,6440000000,45380000000,1.2,18.3
CNC,0.05750431282346176,3.14,17.39,11.04,4.46,32040000000,33710000000,1.87,3.62,12990000000,14520000000,15.4,13.3
PVH,0.27548209366391185,8.54,3.63,11.01,4.49,2200000000,6760000000,6.57,9.48,555400000,5050000000,2.5,13.9
LKQ,0.05060728744939271,1.34,19.76,10.97,5.09,8330000000,10290000000,4.33,7.87,523020000,5430000000,0.2,289.4
KSU,0.043898156277436345,5.4,22.78,10.95,6.85,11830000000,15390000000,18.8,36.81,148800000,3380000000,5.1,21.0
LNT,0.05159958720330238,2.33,19.38,10.94,2.9,11060000000,17790000000,15.28,20.44,16300000,6540000000,0.8,30.7
BK,0.1336898395721925,4.51,7.48,10.82,1.2,29870000000,-54640000000,26.94,34.6,156250000000,67780000000,19.4,63.5
CVS,0.09115770282588878,5.08,10.97,10.81,3.53,72670000000,154120000000,2.59,4.62,8060000000,89000000000,22.9,None
PFG,0.18796992481203006,4.96,5.32,10.78,0.41,7250000000,8290000000,8.59,10.44,3400000000,4090000000,7.3,27.2
XEL,0.04217629692113032,2.51,23.71,10.78,2.69,30600000000,50610000000,11.9,18.02,274000000,20530000000,2.8,36.4
TRV,0.10570824524312895,9.92,9.46,10.74,2.03,23940000000,25550000000,8.3,11.03,5440000000,6940000000,3.4,40.6
PWR,0.08936550491510277,2.73,11.19,10.62,4.72,4360000000,5850000000,3.32,4.81,164800000,1660000000,0.0,107.9
BMY,0.036192544335866814,2.01,27.63,10.51,5.35,125630000000,157610000000,13.15,27.02,15390000000,47540000000,33.0,None
KEY,0.17857142857142858,1.62,5.6,10.47,1.2,8800000000,23000000000,28.99,37.23,2180000000,14490000000,4.1,3.1
INFO,0.0349283967865875,2.15,28.63,10.45,3.64,24570000000,30040000000,19.74,21.42,143900000,5610000000,3.3,342.1
AEE,0.04873294346978558,3.35,20.52,10.44,3.02,16960000000,27080000000,14.67,24.03,16000000,9830000000,7.2,38.2
ADI,0.03755163349605708,3.25,26.63,10.41,4.67,31870000000,37170000000,21.06,28.04,654410000,5950000000,15.4,42.6
WFC,0.15432098765432098,4.05,6.48,10.41,1.05,107260000000,111550000000,23.71,30.44,364770000000,347080000000,5.8,52.6
DTE,0.0724112961622013,6.31,13.81,10.39,2.72,16780000000,34430000000,9.23,13.43,93000000,17610000000,16.1,39.8
AWK,0.03026634382566586,3.43,33.04,10.36,3.47,20510000000,30000000000,17.2,33.79,68000000,9560000000,6.1,12.5
BAC,0.13736263736263735,2.75,7.28,10.35,1.15,174760000000,99260000000,32.05,39.07,597230000000,493840000000,1.7,3.9
FTV,0.036297640653357534,1.97,27.55,10.35,4.78,18260000000,23610000000,10.09,15.84,1210000000,6540000000,13.9,90.9
PNW,0.06993006993006992,4.77,14.3,10.23,2.4,7670000000,13590000000,15.51,20.02,10280000,5810000000,11.4,145.4
GPS,0.16447368421052633,0.93,6.08,10.22,5.96,2100000000,8120000000,2.14,6.32,1650000000,7680000000,1.1,None
EXPE,0.07739938080495357,3.77,12.92,10.19,3.05,6820000000,10150000000,4.68,7.96,3840000000,5590000000,7.3,347.1
COF,0.2610966057441253,11.05,3.83,10.09,1.45,19320000000,67310000000,24.81,32.81,14500000000,58130000000,4.4,6.7
RF,0.1858736059479554,1.5,5.38,10.08,1.26,7730000000,17630000000,28.68,36.8,2270000000,10860000000,3.3,4.2
CAG,0.050454086781029264,1.58,19.82,10.0,4.7,15200000000,25470000000,7.37,16.27,99000000,10280000000,5.6,15.5
C,0.21413276231263384,8.04,4.67,9.96,1.01,78660000000,-54670000000,29.37,36.18,682630000000,510920000000,6.4,15.4
MET,0.2188183807439825,6.06,4.57,9.9,0.69,25390000000,97630000000,8.47,11.28,27150000000,99160000000,9.5,71.3
AEP,0.05350454788657035,3.88,18.69,9.82,2.48,35880000000,66620000000,12.35,18.43,449500000,30840000000,4.9,57.8
PG,0.015501472639900789,4.2,64.51,9.76,8.4,284180000000,309620000000,6.92,22.73,6280000000,29070000000,4.6,16.4
SRE,0.06993006993006992,7.29,14.3,9.73,2.47,30490000000,61170000000,20.29,23.04,108000000,26670000000,4.1,46.4
CNP,0.09891196834817013,1.33,10.11,9.64,2.8,6760000000,22600000000,6.43,11.36,1060000000,15180000000,6.4,30.8
MHK,0.8064516129032259,49.9,1.24,9.57,4.4,4440000000,7220000000,7.46,9.35,134780000,2900000000,1.0,15.4
TRIP,0.056689342403628114,0.89,17.64,9.57,5.69,2140000000,1980000000,8.08,12.11,319000000,167000000,3.2,100.0
ZBH,0.059453032104637336,5.47,16.82,9.56,3.47,19020000000,26880000000,14.18,16.98,617900000,8500000000,2.6,None
EQR,0.04786979415988511,2.6,20.89,9.27,2.73,20180000000,30450000000,35.92,33.65,45750000,9370000000,4.8,147.3
GS,0.14306151645207438,21.03,6.99,9.22,0.88,50530000000,-121500000000,23.86,33.32,644030000000,453570000000,22.4,24.5
MDT,0.04649000464900046,3.41,21.51,9.21,4.54,115620000000,148230000000,15.15,21.52,9850000000,25320000000,0.0,19.7
FLIR,0.040535062829347386,1.26,24.67,9.16,6.63,4180000000,4610000000,9.09,16.64,285000000,717620000,9.0,98.3
EIX,0.07639419404125286,3.77,13.09,9.12,2.52,17900000000,40530000000,10.4,19.79,68000000,19590000000,1.3,None
STT,0.10309278350515465,5.38,9.7,9.12,0.92,18480000000,-25280000000,19.16,26.41,79420000000,32700000000,0.5,29.1
IR,0.03235198964736331,0.76,30.91,8.97,4.79,9760000000,6000000000,6.49,14.24,505500000,1680000000,15.0,72.8
EXC,0.09191176470588235,3.01,10.88,8.96,2.32,31900000000,73000000000,8.52,13.16,587000000,39330000000,5.3,425.2
DRE,0.03980891719745223,1.18,25.12,8.83,2.02,10900000000,14690000000,43.57,26.61,110890000,2960000000,13.9,35.8
M,0.37593984962406013,1.81,2.66,8.8,3.69,1490000000,8280000000,2.23,4.71,685000000,7480000000,1.4,54.1
AES,0.036845983787767135,0.45,27.14,8.71,4.03,8140000000,29440000000,2.97,20.96,1430000000,20450000000,7.3,None
NEE,0.0350140056022409,7.76,28.56,8.5,3.09,108370000000,155260000000,19.63,28.5,600000000,42640000000,4.5,131.0
PKI,0.028620492272467088,2.04,34.94,8.44,4.0,7920000000,9990000000,7.89,13.89,191880000,2260000000,6.5,9.5
CB,0.09442870632672333,9.71,10.59,8.43,1.89,46470000000,58820000000,13.01,15.21,5830000000,18180000000,15.2,230.4
ARNC,0.2557544757033248,2.06,3.91,8.33,4.68,3510000000,1200000000,3.09,4.91,72000000,379000000,5.6,87.9
CFG,0.2247191011235955,3.81,4.45,8.33,1.1,7240000000,21690000000,29.37,36.91,2280000000,15160000000,1.3,3.2
DHR,0.029994001199760045,4.05,33.34,8.31,3.73,94190000000,98320000000,16.8,18.32,19910000000,22530000000,9.2,70.7
ED,0.05238344683080147,4.08,19.09,8.22,2.9,26000000000,47790000000,10.68,20.64,981000000,22580000000,0.1,10.9
CME,0.034013605442176874,5.91,29.4,8.12,2.17,62280000000,65060000000,43.57,54.68,1630000000,4400000000,8.2,21.8
WELL,0.0818330605564648,3.05,12.22,8.06,2.47,15300000000,31830000000,24.06,24.58,284920000,15390000000,1.7,97.7
BXP,0.0397456279809221,3.3,25.16,8.03,3.11,12880000000,27000000000,17.82,35.28,644950000,12240000000,0.9,5.1
KIM,0.10298661174047373,0.8,9.71,7.97,2.56,3360000000,8720000000,35.43,38.81,123950000,5410000000,4.2,24.1
IPGP,0.032605151613955004,3.35,30.67,7.82,6.85,5450000000,4340000000,13.71,22.13,1180000000,67420000,7.1,None
CCI,0.012292562999385373,1.79,81.35,7.8,2.79,60690000000,84420000000,14.92,27.61,196000000,23930000000,1.5,20.1
DUK,0.06653359946773121,5.06,15.03,7.8,2.34,55800000000,121430000000,15.2,23.14,311000000,62900000000,6.9,45.3
QRVO,0.038925652004671074,2.86,25.69,7.75,5.18,8500000000,9040000000,11.03,16.3,1100000000,1640000000,4.4,132.1
SJM,0.04880429477794046,5.48,20.49,7.72,4.41,12810000000,18480000000,8.21,15.55,74400000,5740000000,2.0,54.4
T,0.06901311249137336,1.89,14.49,7.57,3.2,197250000000,394180000000,7.67,15.31,12190000000,191680000000,2.4,50.7
PRU,0.2192982456140351,10.11,4.56,7.52,0.37,18250000000,29290000000,6.47,7.75,25960000000,36340000000,2.2,34.0
ES,0.037439161362785474,2.81,26.71,7.5,2.93,25240000000,40540000000,10.66,21.83,15430000,15630000000,0.8,8.1
WLTW,0.05104645227156713,5.85,19.59,7.47,2.38,20220000000,29320000000,8.99,15.63,992000000,5850000000,0.9,33.5
XOM,0.08561643835616438,3.36,11.68,7.43,2.05,165940000000,222910000000,5.61,4.55,3090000000,52770000000,7.7,5.2
WRK,0.129366106080207,3.32,7.73,7.4,2.96,6640000000,17470000000,4.69,7.94,156400000,10970000000,2.2,0.4
IFF,0.040436716538617065,4.0,24.73,7.39,3.77,10560000000,14750000000,8.87,15.37,606820000,4680000000,5.3,541.6
MPC,0.19801980198019803,3.97,5.05,7.38,3.96,13040000000,52230000000,2.13,4.89,1530000000,31320000000,3.9,53.4
STZ,0.032626427406199025,4.31,30.65,7.32,6.14,25280000000,38390000000,10.07,32.77,93700000,12940000000,1.4,18.9
JNPR,0.049236829148202856,0.99,20.31,7.31,3.39,6650000000,6580000000,7.76,11.11,1960000000,1890000000,2.3,12.4
AVB,0.04258943781942078,5.63,23.48,7.27,2.77,18610000000,25960000000,33.77,35.68,39690000,7440000000,2.8,56.5
ESS,0.034891835310537335,6.66,28.66,7.22,3.04,12630000000,18690000000,27.81,38.66,71090000,5890000000,17.5,9.3
ADM,0.07042253521126761,2.44,14.2,7.2,2.34,19310000000,28470000000,2.13,2.45,855000000,9920000000,2.4,60.0
PBCT,0.13351134846461948,1.27,7.49,7.19,0.98,4120000000,9970000000,28.71,42.21,977500000,6580000000,21.2,3.3
AIZ,0.05913660555884092,5.84,16.91,7.15,1.08,5900000000,7320000000,3.86,7.46,2300000000,3690000000,11.1,410.4
GLW,0.05963029218843172,1.07,16.77,7.14,2.89,13660000000,21880000000,8.35,11.35,2430000000,8250000000,7.2,89.0
HPE,0.09587727708533078,0.89,10.43,6.77,3.1,11980000000,23890000000,4.22,9.05,3170000000,15020000000,8.0,88.1
AIG,0.18315018315018314,3.74,5.46,6.61,0.87,17620000000,40290000000,6.73,14.19,15900000000,36080000000,6.4,None
PLD,0.03347840642785403,2.46,29.87,6.56,1.9,54390000000,69490000000,44.55,33.76,1090000000,12380000000,5.3,35.3
NI,0.03868471953578336,0.87,25.85,6.53,3.62,8600000000,19120000000,7.36,24.74,139300000,9780000000,4.4,None
AMG,0.0055997312129017806,0.31,178.58,6.5,5.49,2650000000,5560000000,0.7,31.12,599000000,2030000000,1.6,None
MU,0.04899559039686428,2.02,20.41,6.48,3.29,45840000000,44470000000,11.72,13.03,7480000000,6010000000,17.8,75.0
JCI,0.2570694087403599,6.55,3.89,6.42,2.64,19450000000,26800000000,22.75,7.95,2160000000,8390000000,2.0,55.2
KMI,0.07173601147776183,0.96,13.94,6.39,3.15,30370000000,65090000000,16.58,29.2,1160000000,34720000000,11.3,23.5
EQIX,0.009588647041902387,5.99,104.29,6.32,3.07,53380000000,64790000000,9.26,19.82,1870000000,13290000000,6.7,13.6
PXD,0.06024096385542168,4.5,16.6,6.24,6.11,12380000000,14720000000,7.81,18.67,818000000,3170000000,19.8,6.5
IVZ,0.1639344262295082,1.28,6.1,6.14,2.64,3580000000,9750000000,11.25,24.3,1080000000,2450000000,38.8,109.3
MAA,0.03253090435914119,2.05,30.74,5.79,2.38,10780000000,15470000000,21.56,26.21,20580000,4490000000,4.7,144.1
LNC,0.18656716417910446,4.38,5.36,5.21,0.28,4580000000,4900000000,5.13,8.35,7240000000,7550000000,4.1,8.3
XRAY,0.033003300330033,1.17,30.3,5.14,3.8,7850000000,9020000000,6.53,13.06,445300000,1610000000,4.9,583.3
FISV,0.01984126984126984,1.71,50.4,4.92,2.65,58290000000,82160000000,8.77,18.49,893000000,22640000000,160.8,13.6
D,0.023337222870478413,1.62,42.85,4.91,3.04,58280000000,101550000000,8.19,26.65,167000000,39000000000,33.1,57.4
O,0.03165558721114277,1.38,31.59,4.88,2.74,14970000000,22920000000,29.26,49.78,54010000,8060000000,16.0,52.0
CHTR,0.017173278378842523,7.45,58.23,4.79,2.78,101590000000,175300000000,3.64,14.3,3480000000,80330000000,4.7,141.2
SLG,0.08038585209003216,3.11,12.44,4.54,1.87,3010000000,10040000000,23.23,31.52,170490000,5960000000,1.1,None
ARE,0.024003840614498322,3.12,41.66,4.47,1.68,16390000000,24240000000,23.56,28.71,189680000,7050000000,20.9,None
UA,0.027137042062415195,0.2,36.85,4.42,3.33,3600000000,3890000000,1.75,4.6,788070000,1300000000,3.7,None
UAA,0.02469745616201531,0.2,40.49,4.42,3.33,3500000000,4230000000,1.75,4.6,788070000,1300000000,3.7,None
BDX,0.012186205215695831,2.76,82.06,4.28,3.42,61480000000,80770000000,5.26,16.53,568000000,19850000000,1.6,53.6
AGCO,0.03746721618583739,1.63,26.69,4.16,4.25,3260000000,4460000000,1.38,5.79,432800000,1550000000,3.0,None
VTR,0.05194805194805195,1.17,19.25,4.13,2.21,8400000000,21070000000,11.22,21.69,106360000,12410000000,8.7,81.6
UDR,0.019924287706714484,0.63,50.19,4.09,1.76,9320000000,18020000000,13.75,20.82,4360000,3680000000,7.6,70.0
L,0.09389671361502347,3.07,10.65,4.02,1.39,9260000000,19430000000,6.25,11.97,5020000000,12230000000,17.2,None
MRO,0.16155088852988692,0.59,6.19,3.95,1.51,2900000000,7760000000,9.37,9.8,858000000,5710000000,11.0,None
REG,0.04428697962798937,1.69,22.58,3.82,2.27,5470000000,9500000000,20.56,34.47,116010000,4140000000,4.6,48.9
KHC,0.06238303181534622,1.58,16.03,3.73,3.4,30930000000,58620000000,7.75,22.29,2280000000,29850000000,5.2,None
NWL,0.021017234131988232,0.25,47.58,3.63,3.08,5370000000,11160000000,1.1,8.47,348600000,6400000000,3.8,332.6
HOLX,0.009384384384384385,0.31,106.56,3.59,5.6,8640000000,11460000000,2.48,17.52,370800000,3190000000,2.4,291.6
IQV,0.009345794392523364,0.96,107.0,3.44,2.39,19810000000,31340000000,1.72,7.89,899000000,12220000000,7.7,76.8
MAC,0.13386880856760375,0.68,7.47,3.41,1.78,714960000,6420000000,9.92,26.13,100000000,5610000000,4.5,128.9
DLR,0.010088781275221953,1.25,99.12,3.2,1.76,27000000000,39230000000,10.83,20.09,137870000,11170000000,9.6,9.6
GPN,0.017102787754403968,2.16,58.47,2.91,2.27,37910000000,46480000000,8.77,21.32,1680000000,10120000000,125.7,36.6
PRGO,0.024119633381572598,1.07,41.46,2.55,2.49,6040000000,9180000000,3.02,9.18,360900000,3500000000,10.7,None
CVX,0.02050440844781628,1.54,48.77,1.89,2.67,141160000000,167260000000,2.09,7.49,5750000000,30860000000,14.3,None
TAP,0.027063599458728008,1.11,36.95,1.8,3.18,8880000000,17920000000,2.29,14.19,523400000,9320000000,2.8,115.4
FIS,0.0057280329934700416,0.66,174.58,1.01,2.05,71010000000,90660000000,2.88,17.03,1150000000,20790000000,54.2,None
F,0.0023584905660377358,0.01,424.0,0.24,0.64,16810000000,151290000000,0.03,1.7,22290000000,156720000000,5.0,None
MYL,0.002183406113537118,0.03,458.0,0.14,2.99,7090000000,19450000000,0.15,13.33,563700000,12920000000,3.7,60.0
NKTR,0.1333446893787575,2.52,0.0,77.86,30.7,2990000000,4990000000,55.65,55.26,1390000000,344060000,25.8,None
VRSN,0.039014187643020594,5.15,35.47,None,26.74,21270000000,21850000000,49.71,65.45,1220000000,1800000000,1.0,18.6
YUM,0.06785354383607659,4.14,15.29,None,25.45,19040000000,29770000000,23.12,34.05,611000000,11340000000,8.7,46.1
MA,0.04246718066263805,7.94,29.85,141.43,22.34,238240000000,239950000000,48.08,57.26,7680000000,9290000000,15.9,133.6
IDXX,0.03117008099094807,4.89,47.97,507.49,21.0,19990000000,20990000000,17.77,23.53,90330000,1070000000,10.2,5.7
HD,0.06968534151957022,10.25,17.43,None,20.36,192060000000,260600000000,10.24,14.59,1880000000,34200000000,5.7,4.5
TXN,0.07096568575374482,5.24,19.09,56.05,20.2,93350000000,94130000000,34.88,39.51,5390000000,6140000000,9.9,13.6
INTU,0.03828096785843265,6.18,35.34,50.01,19.85,56890000000,55380000000,22.89,26.81,2270000000,754000000,12.9,27.0
SPGI,0.05390662602278197,8.6,27.77,90.17,18.99,57540000000,62330000000,31.69,47.16,2890000000,4680000000,12.9,5.9
FAST,0.06696428571428571,1.38,22.09,31.84,18.54,17510000000,17920000000,14.83,19.8,174900000,590600000,3.7,5.9
RHI,0.15916705336426915,3.9,9.74,41.18,18.4,4370000000,4310000000,7.48,10.21,270480000,273830000,3.8,0.6
MNST,0.05321826681049982,2.03,26.71,28.47,18.27,29110000000,27810000000,26.37,33.67,1330000000,29950000,10.1,6.6
TROW,0.11753986332574032,8.7,10.94,29.81,17.53,22210000000,21950000000,37.94,42.49,1780000000,146300000,12.5,55.0
ROST,0.08698677800974251,4.3,16.25,49.84,17.4,26600000000,28740000000,10.35,13.38,1350000000,3490000000,7.5,3.3
BIIB,0.14262023217247097,31.42,9.56,44.66,17.31,52310000000,54270000000,40.96,50.6,4480000000,6440000000,4.1,52.1
MTD,0.04819277845777234,22.47,28.06,111.02,16.95,15120000000,16340000000,18.65,24.37,207780000,1380000000,3.2,6.4
CL,0.060587700696758555,2.75,24.59,669.4,16.61,57980000000,66020000000,15.08,23.03,906000000,8480000000,5.4,6.1
PM,0.08377000424868998,4.61,15.93,None,16.42,114390000000,141220000000,24.11,36.45,6860000000,31810000000,2.9,15.4
QCOM,0.12394081193878842,3.52,18.51,104.38,15.59,74560000000,79070000000,17.31,34.28,11420000000,15930000000,4.9,13.4
BKNG,0.11072994091862016,111.82,11.01,66.11,15.15,50530000000,52470000000,32.29,35.48,7310000000,9250000000,3.9,81.3
RRC,0.2349128205128205,6.922,0.0,53.58,15.04,672450000,3900000000,65.99,75.5,546,3240000000,39.6,None
GWW,0.10860927152317881,15.32,15.58,43.1,14.81,12810000000,15100000000,7.39,12.25,360000000,2440000000,3.0,50.7
EXPD,0.07202387041773231,3.52,19.79,30.37,14.43,11270000000,11730000000,7.49,9.53,1190000000,348190000,8.9,3.0
TJX,0.09213051823416507,2.67,15.34,59.51,14.35,49060000000,57310000000,7.84,10.59,3220000000,11460000000,9.7,17.0
ITW,0.07589197713384585,7.74,18.14,80.18,14.31,44580000000,50730000000,17.87,24.28,1980000000,7940000000,3.1,5.6
WAT,0.06514183835182251,8.69,20.71,87.67,14.26,11180000000,12620000000,24.61,29.79,337140000,1780000000,0.2,8.4
ALGN,0.05290114739629303,5.53,27.88,34.07,14.12,12140000000,11330000000,18.4,21.38,868630000,59200000,21.7,24.5
ULTA,0.11695906432748537,12.15,12.9,37.93,13.98,8830000000,10260000000,9.54,12.18,502320000,1940000000,8.5,3.7
MCD,0.06324848047180598,7.88,20.35,None,13.84,119520000000,166170000000,28.59,42.18,898500000,47560000000,3.6,11.1
CELG,0.10370026679039554,8.13,13.31,69.39,13.69,77040000000,86210000000,34.62,48.75,10900000000,20070000000,16.1,56.3
KMB,0.07523391254535039,6.24,20.82,968.92,13.65,44360000000,52370000000,11.69,17.64,442000000,8180000000,0.3,33.1
ACN,0.07551919446192575,7.66,19.85,34.01,13.44,97060000000,95340000000,11.13,14.66,5440000000,3410000000,6.6,9.8
V,0.047725245316681535,5.48,27.73,35.68,13.43,336480000000,336300000000,52.6,66.86,12670000000,17260000000,10.0,9.9
LRCX,0.08481012658227848,13.5,16.15,40.72,13.26,31750000000,31600000000,21.67,25.2,4680000000,4530000000,2.4,9.6
HSY,0.0591413989792855,5.46,25.6,72.76,13.24,20700000000,33310000000,14.4,21.02,493260000,4480000000,4.0,38.5
CLX,0.05081381500595474,6.35,27.95,125.83,13.21,22210000000,25190000000,13.31,18.15,168000000,3150000000,1.6,1.6
NKE,0.04698890649762282,2.71,29.11,47.96,13.18,122810000000,126200000000,10.46,12.55,3180000000,6660000000,5.1,23.1
EW,0.034366925064599485,4.93,38.35,28.73,13.13,39200000000,38700000000,24.08,28.53,1520000000,678800000,20.1,902.9
MCO,0.052088113813676,7.42,28.14,191.43,13.08,39090000000,43580000000,29.45,42.89,1930000000,6150000000,16.3,43.4
FB,0.07513267626990144,6.43,23.98,19.96,13.0,439480000000,395700000000,26.15,33.93,54860000000,11070000000,24.6,6.8
MAS,0.1082024432809773,3.23,10.04,523.08,12.91,8550000000,11460000000,13.94,16.04,697000000,2970000000,79.9,133.5
MO,0.1155053358443189,0.7,0.0,12.25,12.9,69520000000,95580000000,6.53,54.61,2120000000,28040000000,0.3,None
ORLY,0.07838224767358626,17.88,16.52,370.45,12.85,21930000000,27940000000,13.71,18.94,40410000,5860000000,7.3,8.2
COG,0.1606022584692597,1.63,10.64,32.13,12.65,6920000000,7970000000,34.3,44.26,200230000,1260000000,30.8,46.6
ROK,0.07656004195070792,7.84,18.73,80.57,12.53,17050000000,19070000000,13.75,19.41,926800000,2620000000,2.6,286.9
KLAC,0.08493150684931507,7.13,17.95,53.05,12.4,20060000000,21900000000,21.55,27.92,1680000000,3500000000,34.8,3.1
AZO,0.09834834834834835,65.55,12.06,None,12.36,18460000000,26640000000,13.42,18.51,200920000,8380000000,2.6,1.6
ALLE,0.07120805369127517,4.26,19.73,56.86,12.29,7780000000,8940000000,14.08,19.91,356000000,1510000000,2.4,39.2
ZTS,0.04361792054099747,3.11,36.85,61.31,12.28,54430000000,59150000000,23.96,35.03,1940000000,6650000000,7.0,11.3
STX,0.14124293785310735,6.18,7.4,97.61,12.08,11940000000,15930000000,13.73,15.68,1390000000,4520000000,17.5,48.8
VFC,0.10561797752808989,3.22,15.16,35.44,12.04,19290000000,22250000000,9.03,14.19,583950000,3540000000,4.9,0.3
EL,0.05862646566164154,5.06,30.43,41.95,11.94,55400000000,59700000000,11.76,18.44,3600000000,7870000000,15.5,2.8
HRB,0.14224070450097848,2.04,5.86,None,11.64,2300000000,5110000000,12.96,17.73,192340000,3010000000,10.9,None
NVDA,0.022904552545738192,4.52,53.96,25.95,11.62,149270000000,141020000000,25.61,26.07,10900000000,2640000000,40.8,68.0
SWKS,0.10134600158353127,4.78,16.81,19.89,11.61,13620000000,12630000000,25.02,27.66,1190000000,160200000,7.8,9.8
AAPL,0.07300934579439253,12.6,19.17,55.47,11.58,1060000000000,1070000000000,21.49,24.71,107160000000,116750000000,8.9,11.4
ABBV,0.11577861301496058,5.28,13.9,None,11.53,108340000000,135690000000,23.69,41.17,39920000000,67090000000,4.8,None
MSFT,0.05469642857142857,5.74,26.79,43.83,11.38,1170000000000,1120000000000,33.02,36.74,134230000000,87150000000,13.7,38.3
MRK,0.08793193592851371,3.81,20.01,36.98,11.28,193390000000,210390000000,21.01,32.19,10450000000,27350000000,7.9,29.0
AMAT,0.0954387704511651,3.02,14.02,33.52,11.26,38830000000,40340000000,18.83,23.2,3960000000,5470000000,10.9,15.7
TSCO,0.07883682008368201,4.66,17.06,35.94,11.14,9220000000,11950000000,6.73,8.93,84800000,2710000000,2.7,5.4
LOW,0.0938419875191334,2.94,33.73,152.46,11.12,77700000000,84930000000,5.93,9.12,876000000,23750000000,2.4,None
MMM,0.09101334445371143,7.81,17.13,45.88,10.99,76960000000,95920000000,14.22,22.21,2450000000,21300000000,2.1,28.1
CHRW,0.08479611650485437,4.19,16.26,35.33,10.89,8950000000,10300000000,3.77,5.16,447860000,1560000000,8.3,47.0
CTSH,0.14886877828054298,3.29,13.19,16.41,10.87,23810000000,22100000000,10.98,16.61,3420000000,1710000000,3.8,39.0
SNA,0.16560509554140126,12.41,7.7,21.72,10.85,5220000000,6280000000,17.05,23.62,184400000,1220000000,0.4,2.5
CDNS,0.03541959229898075,3.53,18.11,58.32,10.79,17950000000,17660000000,42.33,21.52,709810000,456360000,5.2,570.2
ADBE,0.02873239436619718,6.6,44.49,31.79,10.77,141460000000,142000000000,27.72,30.1,4170000000,4710000000,18.8,41.7
MSI,0.08042488619119878,5.78,25.58,None,10.77,22250000000,26360000000,11.01,21.91,1000000000,5750000000,5.4,42.4
HCA,0.1515057915057915,10.07,8.13,None,10.71,27700000000,64750000000,6.83,14.06,768000000,35580000000,10.2,0.7
LYB,0.14129422718808193,11.12,7.76,42.79,10.7,32090000000,42960000000,11.24,12.79,788000000,11550000000,10.1,33.8
SBUX,0.060533216783216784,3.05,20.65,None,10.68,74000000000,91520000000,13.81,15.11,3110000000,20630000000,7.0,16.4
RMD,0.036808747855917666,3.13,48.83,21.59,10.61,22120000000,23320000000,16.34,25.03,204100000,1400000000,13.1,28.8
INTC,0.13410502540937325,4.71,11.49,27.68,10.6,231700000000,247940000000,29.25,31.17,13120000000,29550000000,8.3,32.9
REGN,0.04801873902010541,18.46,26.72,21.32,10.57,54280000000,51230000000,26.91,28.55,3210000000,737500000,12.5,3.5
XLNX,0.05441810344827586,3.41,23.19,33.16,10.57,19680000000,18560000000,27.05,26.95,2430000000,1300000000,9.6,32.3
LMT,0.07902079020790208,21.95,15.97,269.7,10.41,98790000000,111110000000,10.42,12.87,1510000000,13760000000,10.2,19.6
CTAS,0.08249496981891348,8.81,18.63,29.46,10.36,17090000000,19880000000,13.19,17.5,234440000,3030000000,7.6,15.3
VRTX,0.022335890878090365,4.51,52.84,22.37,10.32,61790000000,58650000000,28.27,28.87,3810000000,673170000,62.4,62.4
GRMN,0.08529650690495533,4.99,14.34,21.27,10.23,13650000000,12310000000,25.35,25.17,1400000000,64000000,18.3,89.7
APH,0.08347602739726027,3.75,18.25,26.88,9.83,20400000000,23360000000,14.04,19.93,908600000,3810000000,3.3,5.7
ISRG,0.031280934468422096,9.61,54.31,18.46,9.78,60260000000,50510000000,30.8,30.71,3220000000,76400000,22.1,22.3
PKG,0.15320041972717732,7.34,10.97,24.25,9.7,7640000000,9530000000,10.0,15.39,767400000,2730000000,1.5,33.4
AMGN,0.0824279806546576,12.88,15.95,70.74,9.63,121150000000,142670000000,33.57,41.61,8910000000,30430000000,0.5,11.7
AVY,0.10169968717413973,3.57,26.22,28.12,9.58,7800000000,9590000000,4.29,11.56,283900000,2080000000,0.2,67.4
AOS,0.0962432915921288,2.22,16.16,21.87,9.38,5810000000,5590000000,12.36,15.36,551400000,334700000,7.6,27.7
CSCO,0.10407297957085956,2.56,15.23,28.97,9.37,165650000000,155660000000,21.44,28.06,27060000000,17070000000,3.5,2.0
PAYX,0.0786046511627907,3.07,19.4,41.35,9.33,21360000000,21500000000,26.98,36.06,853800000,990600000,6.8,9.2
FFIV,0.10002434782608696,6.54,16.41,23.68,9.27,6520000000,5750000000,17.43,22.12,1160000000,384820000,4.7,24.7
EMR,0.11280024323502584,3.51,13.04,26.17,9.03,27970000000,32890000000,11.79,16.32,1640000000,6520000000,0.1,29.9
BBY,0.18487394957983194,5.75,9.3,45.42,9.01,13740000000,15470000000,3.53,4.7,2350000000,4070000000,2.7,1.4
DHI,0.16050244242847173,4.69,6.85,17.82,9.01,11770000000,14330000000,9.74,12.29,1550000000,3820000000,14.3,50.2
LLY,0.051565508879537834,8.89,15.7,68.16,9.01,133660000000,140210000000,37.27,26.88,2440000000,15970000000,8.5,33.0
ILMN,0.032795698924731186,6.74,39.09,23.24,9.0,38730000000,37200000000,28.28,29.01,3410000000,1880000000,9.8,13.8
SYY,0.11736444749485243,3.49,11.31,76.11,8.98,20090000000,29140000000,3.0,4.46,539630000,9560000000,1.8,43.4
GOOG,0.07394945071829147,49.16,22.33,18.12,8.96,753270000000,650850000000,21.22,22.54,119680000000,15970000000,17.3,19.3
GOOGL,0.07435616184399574,49.16,22.23,18.12,8.96,752270000000,647290000000,21.22,22.54,119680000000,15970000000,17.3,19.3
JBHT,0.11538461538461539,4.77,18.82,23.64,8.96,9540000000,10920000000,5.63,8.26,35000000,1420000000,5.7,63.1
UNP,0.08892355694227769,8.38,16.54,30.71,8.91,95650000000,121790000000,27.27,39.69,891000000,27030000000,9.5,9.7
OSK,0.1722334004024145,7.83,10.75,21.45,8.77,5590000000,4970000000,6.6,8.98,264000000,992500000,6.0,30.6
INCY,0.03178519012675117,2.05,38.34,19.75,8.67,17040000000,14990000000,20.7,19.51,2120000000,72080000,9.6,60.7
AYI,0.1706774193548387,7.75,9.69,16.47,8.66,2980000000,3100000000,8.61,12.25,266600000,422400000,10.5,28.4
HPQ,0.23373710183938987,2.02,7.16,None,8.63,20750000000,22290000000,5.16,7.55,4490000000,6030000000,0.6,15.6
ORCL,0.08889975019007278,3.18,15.53,55.01,8.61,155790000000,184140000000,27.06,35.72,25860000000,53570000000,1.9,6.3
FOX,0.1387252276379218,2.86,7.55,17.37,8.6,13380000000,18670000000,15.22,19.93,1990000000,7320000000,5.4,650.0
FOXA,0.1356020942408377,2.86,7.8,17.37,8.6,13320000000,19100000000,15.22,19.93,1990000000,7320000000,5.4,650.0
PSA,0.04765225476522548,7.29,26.62,16.74,8.6,33890000000,43020000000,52.14,52.62,409740000,1900000000,3.8,34.2
PEP,0.0625559423172551,5.2,23.96,49.9,8.58,173730000000,201100000000,10.89,15.97,5740000000,33630000000,5.7,74.2
FL,0.2064814814814815,4.5,4.07,19.72,8.56,1910000000,4320000000,6.13,8.91,907000000,3320000000,2.2,15.2
LB,0.17039106145251395,1.33,0.0,None,8.52,3140000000,10740000000,2.83,9.61,1500000000,9100000000,3.0,None
ALXN,0.12531328320802004,10.7,8.39,23.53,8.5,19940000000,19950000000,48.17,42.87,2750000000,2820000000,22.6,None
HRL,0.050272798129384254,1.81,26.73,16.62,8.5,26020000000,25660000000,10.29,11.75,739230000,379520000,1.0,0.6
JNJ,0.07752622860298178,5.63,23.83,25.36,8.48,353720000000,362200000000,18.42,25.68,19980000000,28680000000,1.7,31.8
PG,0.06055810348168723,4.2,64.51,9.76,8.4,284180000000,309620000000,6.92,22.73,6280000000,29070000000,4.6,16.4
CMI,0.14619883040935672,14.48,9.13,27.12,8.33,19590000000,22230000000,9.59,10.96,1470000000,2870000000,8.9,48.2
TDG,0.04940711462450593,14.66,21.06,None,8.24,14510000000,40480000000,20.01,44.05,2450000000,17340000000,28.2,3.1
CSX,0.1070091867982307,4.17,13.61,27.25,8.23,43750000000,58780000000,27.9,41.38,1950000000,16790000000,8.2,8.5
CHD,0.053023504273504274,2.44,27.73,24.05,8.19,16630000000,18720000000,14.13,19.14,155700000,2250000000,6.5,1.1
CMG,0.036551742344244985,12.38,49.35,22.42,8.13,16970000000,18940000000,6.27,8.58,880780000,2850000000,17.6,126.2
PHM,0.19803370786516855,3.66,5.18,19.79,8.11,5100000000,7120000000,9.96,13.27,1230000000,3240000000,0.6,41.3
VAR,0.06837931034482758,3.02,31.91,15.66,8.09,8740000000,8700000000,8.36,15.28,721900000,674000000,11.9,14.5
HON,0.08825644713860063,8.41,15.15,33.61,8.06,90140000000,97330000000,16.73,20.44,10420000000,16710000000,2.4,9.2
ANSS,0.03148512709572742,5.25,41.58,14.79,8.04,18680000000,18490000000,29.77,34.41,872380000,608460000,17.0,8.3
VRSK,0.039908779931584946,2.7,52.46,20.77,8.02,23100000000,26310000000,17.26,31.88,188200000,3400000000,10.2,9.6
HBI,0.17341977309562398,1.64,4.37,56.98,8.0,2570000000,6170000000,8.62,13.41,328880000,3900000000,1.0,21.1
DG,0.05673913043478261,6.64,24.43,25.13,7.92,40860000000,46000000000,6.16,8.2,271110000,10870000000,8.3,5.5
SEE,0.11464237516869095,1.69,14.39,None,7.9,3770000000,7410000000,5.49,14.27,262400000,3910000000,3.1,47.9
LEG,0.138389662027833,2.47,9.2,27.04,7.86,3000000000,5030000000,7.02,10.84,247600000,2280000000,9.4,63.8
EA,0.05507474429583006,9.5,10.83,44.99,7.84,29790000000,25420000000,52.52,23.31,5600000000,1240000000,23.6,32.1
KO,0.05373067443423706,2.07,21.17,44.75,7.83,188180000000,223150000000,23.94,28.51,11190000000,44180000000,16.2,134.7
DOV,0.09493219129193434,4.61,16.78,23.37,7.76,11150000000,14010000000,9.5,14.82,397250000,3240000000,1.8,18.8
TIF,0.05917159763313609,4.45,28.83,16.74,7.75,15550000000,16900000000,12.23,16.82,897400000,2240000000,2.8,1.6
AME,0.07301587301587302,3.75,19.01,18.41,7.73,16340000000,18900000000,16.7,22.18,393030000,2950000000,2.6,4.4
RTN,0.137393350985584,11.92,9.81,27.58,7.69,32570000000,33990000000,11.46,14.18,4290000000,5680000000,6.5,6.4
BWA,0.2852173913043478,3.61,5.9,17.35,7.62,4400000000,5750000000,7.34,11.86,832000000,2040000000,0.6,4.3
NTAP,0.15491009681881052,4.26,8.76,134.79,7.58,8260000000,7230000000,18.19,17.2,3020000000,1990000000,10.2,11.2
URI,0.14050901378579003,15.11,6.03,32.46,7.57,6750000000,18860000000,12.56,24.02,52000000,12140000000,6.5,9.0
FBHS,0.1289033189033189,3.06,11.58,18.72,7.55,4950000000,6930000000,7.49,12.85,387900000,2360000000,3.5,22.2
UNH,0.08581720302418556,14.33,16.01,24.05,7.55,217690000000,252630000000,5.72,8.13,14250000000,44640000000,4.3,16.5
CBS,0.11571540265832682,7.71,0.0,76.74,7.53,None,25580000000,18.98,17.94,196000000,10500000000,1.0,34.6
SHW,0.0647419072615923,16.49,25.47,39.25,7.52,38560000000,45720000000,8.61,13.32,161800000,10430000000,1.2,146.3
CTXS,0.03941638418079096,5.03,28.1,98.16,7.5,17290000000,17700000000,22.65,18.99,588820000,999330000,1.0,25.0
AMD,0.017393964110929853,0.3,141.97,16.66,7.45,49870000000,49040000000,5.07,9.38,1500000000,728000000,49.9,347.4
CBOE,0.07442015209125476,4.55,19.68,11.23,7.43,9940000000,10520000000,15.02,24.83,300300000,923000000,19.9,37.8
HUM,0.11628686327077747,20.1,14.51,24.39,7.43,38530000000,29840000000,4.17,4.99,15030000000,6340000000,15.0,44.2
SYK,0.06669865642994242,5.48,27.02,16.98,7.38,55500000000,62520000000,13.99,22.76,4420000000,11480000000,8.8,64.9
WU,0.12121212121212122,1.8,7.2,None,7.36,7280000000,11220000000,14.65,19.81,836000000,3630000000,3.8,19.0
MMC,0.05572265315814469,3.29,23.43,21.25,7.34,40260000000,63170000000,11.16,20.13,1120000000,14920000000,1.8,3.8
BAX,0.06294024085435128,1.93,42.19,12.82,7.33,41300000000,44010000000,8.81,17.51,3340000000,6010000000,None,None
EBAY,0.10617028610823853,2.09,14.05,39.17,7.31,23410000000,29010000000,16.54,22.2,2820000000,8420000000,1.9,26.8
APD,0.0789166472098996,8.51,21.93,16.78,7.29,41180000000,42830000000,21.1,25.29,2430000000,3710000000,1.4,36.9
ECL,0.0674522551808208,5.33,27.63,18.79,7.17,42580000000,49220000000,10.46,15.75,186400000,6930000000,1.7,8.7
UHS,0.1534526854219949,9.13,9.35,14.97,7.16,7410000000,11730000000,7.16,11.54,61270000,4310000000,5.1,55.1
PH,0.10679611650485436,10.52,11.01,22.51,7.1,14870000000,23690000000,9.63,14.54,1090000000,9900000000,0.7,34.4
NRG,0.13471502590673576,16.81,1.56,779.7,7.08,6570000000,13510000000,45.19,13.35,345000000,6450000000,10.2,None
VZ,0.13426183844011141,3.87,11.76,33.67,7.08,226460000000,359000000000,14.61,23.9,2590000000,133920000000,1.4,162.8
LUV,0.2536554354736173,4.27,12.01,23.37,7.07,27530000000,15730000000,10.25,13.14,4070000000,4000000000,0.5,21.6
PCAR,0.12782228696285505,6.87,8.97,26.1,7.04,21340000000,27460000000,9.33,11.85,5170000000,11290000000,2.6,8.1
TEL,0.12409071459135644,4.71,12.45,15.25,7.04,19590000000,23370000000,12.01,16.62,742000000,4500000000,5.3,90.6
HII,0.11171786120591581,13.26,13.65,35.37,7.03,7370000000,8790000000,6.17,8.48,75000000,1480000000,9.7,29.7
PNR,0.09089655172413794,2.09,13.61,19.09,7.03,4760000000,5800000000,12.03,15.12,82500000,1110000000,2.0,5.3
TGT,0.12688246494720443,6.36,14.55,28.27,7.03,46370000000,57770000000,4.2,6.05,2580000000,13970000000,1.8,4.5
PPG,0.09978858350951374,5.45,21.21,25.04,6.87,27300000000,23650000000,8.21,12.24,1280000000,5840000000,0.7,13.2
WM,0.08414113997673517,3.91,22.77,25.04,6.87,37710000000,51580000000,10.81,17.92,3560000000,13940000000,0.1,15.8
IPGP,0.08920276497695853,3.35,30.67,7.82,6.85,5450000000,4340000000,13.71,22.13,1180000000,67420000,7.1,None
KSU,0.09161793372319688,5.4,22.78,10.95,6.85,11830000000,15390000000,18.8,36.81,148800000,3380000000,5.1,21.0
A,0.054670684459750325,2.42,29.14,15.46,6.84,21810000000,23230000000,14.59,19.29,1230000000,2650000000,5.7,60.9
NSC,0.10563810299206187,10.25,13.89,17.82,6.83,36590000000,49130000000,24.1,35.87,580000000,13010000000,7.1,5.1
APTV,0.1350832266325224,3.85,11.24,26.27,6.79,11050000000,15620000000,6.9,9.81,412000000,4790000000,1.1,6.9
HLT,0.07905629139072848,3.04,18.4,60.47,6.76,15520000000,24160000000,23.39,41.56,538000000,9160000000,0.3,21.9
TPR,0.19546247818499127,2.05,5.42,17.18,6.75,3060000000,5730000000,9.72,14.19,1170000000,3830000000,0.8,17.3
FMC,0.0991869918699187,3.62,19.58,18.83,6.74,9170000000,12300000000,10.36,23.22,339100000,3450000000,8.9,None
RL,0.18419593345656193,8.48,7.19,20.55,6.74,4500000000,5410000000,10.4,11.42,1910000000,2820000000,1.4,178.4
BEN,0.36179775280898874,2.51,6.22,11.43,6.73,7760000000,4450000000,21.99,27.0,5860000000,1010000000,0.1,27.0
COST,0.050660620748964116,8.52,33.88,24.56,6.7,127460000000,127910000000,2.39,3.1,8710000000,8780000000,10.4,4.7
CINF,0.22279348757497858,12.1,5.87,22.57,6.67,11520000000,11670000000,25.2,31.87,767000000,885000000,203.1,None
DAL,0.30275229357798167,7.3,3.08,32.83,6.66,14390000000,29430000000,10.14,14.15,2890000000,17990000000,6.5,7.8
NUE,0.1939655172413793,4.14,8.62,13.06,6.66,10740000000,13920000000,5.63,8.56,1830000000,4590000000,18.5,83.3
FLIR,0.09049674620390455,1.26,24.67,9.16,6.63,4180000000,4610000000,9.09,16.64,285000000,717620000,9.0,98.3
COP,0.3333333333333333,6.4,5.14,21.63,6.61,35440000000,41250000000,21.56,22.3,10230000000,15830000000,21.4,61.5
PGR,0.11853403141361256,6.72,11.3,31.92,6.59,44450000000,47750000000,10.18,13.72,2020000000,4610000000,33.7,304.5
CAT,0.11270448268536222,10.74,10.68,42.45,6.46,63080000000,94140000000,11.32,15.08,7300000000,38320000000,8.4,4.8
EOG,0.2885535517114464,4.71,8.47,13.34,6.45,23220000000,27170000000,16.02,21.47,2030000000,5970000000,2.3,28.7
UPS,0.07922182109907741,5.11,17.61,140.51,6.41,77260000000,99720000000,5.99,7.47,5740000000,28180000000,3.6,None
DGX,0.1094632768361582,5.22,11.68,15.95,6.39,9790000000,14160000000,11.1,15.78,1190000000,5440000000,4.7,99.2
CERN,0.057299451918286,1.65,37.74,11.45,6.31,19420000000,20070000000,9.3,12.06,541770000,1190000000,5.6,17.5
GIS,0.07485091507300021,3.48,16.31,26.73,6.26,34370000000,48630000000,12.68,18.08,606900000,14040000000,0.4,1.6
DISCA,0.1568959674686547,2.48,7.41,19.69,6.19,9060000000,29510000000,18.57,29.46,1560000000,16370000000,2.3,77.0
DISCK,0.16262732701088867,2.48,6.8,19.69,6.19,9090000000,28470000000,18.57,29.46,1560000000,16370000000,2.3,77.0
STZ,0.07892680385517062,4.31,30.65,7.32,6.14,25280000000,38390000000,10.07,32.77,93700000,12940000000,1.4,18.9
PXD,0.23980978260869565,4.5,16.6,6.24,6.11,12380000000,14720000000,7.81,18.67,818000000,3170000000,19.8,6.5
DVA,0.12054933875890132,5.27,12.43,21.47,6.02,8230000000,19660000000,7.12,15.41,1110000000,11180000000,2.7,None
DLTR,0.08534251817833907,3.47,20.24,13.9,5.99,16630000000,26130000000,3.5,6.71,539200000,10030000000,1.8,None
MKC,0.047619047619047616,5.21,28.2,20.22,5.98,19520000000,23940000000,13.13,18.6,170800000,4570000000,1.6,2.2
GPS,0.1958128078817734,0.93,6.08,10.22,5.96,2100000000,8120000000,2.14,6.32,1650000000,7680000000,1.1,None
K,0.07140506745640013,2.8,22.71,30.19,5.96,21780000000,30390000000,7.07,12.42,404000000,8480000000,2.8,None
OKE,0.10882487425697303,3.07,7.05,19.97,5.94,8940000000,21870000000,12.58,18.73,20960000,12950000000,15.1,9.3
AON,0.07329963235294118,6.37,24.21,41.05,5.92,35650000000,43520000000,13.91,24.0,818000000,8570000000,4.2,8.4
CBRE,0.12610169491525425,3.77,9.42,22.89,5.9,11930000000,14750000000,5.37,5.86,971780000,4070000000,13.1,61.9
WMT,0.08054774422301014,5.19,23.02,18.86,5.89,338400000000,408950000000,2.84,4.1,9460000000,73130000000,2.1,12.3
DRI,0.0969807868252516,5.13,8.87,27.45,5.88,5500000000,10930000000,7.25,8.41,321700000,5760000000,4.5,3.9
HSIC,0.1085,4.65,9.97,18.67,5.85,6650000000,8460000000,6.96,7.34,106100000,998350000,7.9,148.1
XYL,0.07466666666666667,2.21,27.38,13.95,5.82,10880000000,12750000000,7.64,13.24,724000000,2560000000,1.1,47.6
SPG,0.05478912100906583,6.81,21.61,67.12,5.81,58800000000,76110000000,42.09,51.12,436800000,23710000000,1.0,11.6
JWN,0.24749163879598662,3.18,4.1,53.56,5.79,2040000000,5980000000,3.2,5.26,853000000,4790000000,1.2,22.6
ATVI,0.047883414295628035,1.95,30.76,12.42,5.78,46140000000,43230000000,23.16,26.88,5860000000,2950000000,16.6,23.5
AKAM,0.051019915509957756,2.9,32.88,13.96,5.75,15440000000,16570000000,16.52,19.82,1540000000,2670000000,8.2,26.7
PFE,0.09110224611915706,2.87,11.73,25.62,5.75,186620000000,230620000000,31.44,29.07,9880000000,53470000000,9.2,None
TRIP,0.12222222222222222,0.89,17.64,9.57,5.69,2140000000,1980000000,8.08,12.11,319000000,167000000,3.2,100.0
CPB,0.06911344137273594,4.79,10.34,24.25,5.66,14950000000,20980000000,17.95,14.4,58000000,6080000000,0.5,None
ANTM,0.1561831407787762,18.47,11.01,15.95,5.65,51260000000,46740000000,4.61,6.46,25640000000,21080000000,17.3,119.8
TSN,0.13031071655041218,5.54,9.71,14.69,5.64,19650000000,31540000000,4.71,6.94,498000000,12250000000,6.1,1.1
FLS,0.12395533498759305,1.93,12.31,15.06,5.63,3110000000,4030000000,6.43,10.89,670980000,1560000000,8.2,10.6
UAL,0.31728045325779036,11.58,1.98,27.9,5.62,5670000000,21180000000,6.96,10.56,4940000000,20450000000,3.8,39.0
KSS,0.29624478442280944,4.37,2.63,12.59,5.61,1790000000,7190000000,3.46,6.07,723000000,6120000000,0.1,2.6
ROP,0.05212882096069869,16.82,17.82,20.52,5.61,31800000000,36640000000,32.94,27.92,709700000,5550000000,1.3,238.8
ALK,0.3150105708245243,6.19,3.99,19.03,5.6,3030000000,4730000000,8.76,12.2,1520000000,3220000000,7.9,687.0
HOLX,0.08987783595113438,0.31,106.56,3.59,5.6,8640000000,11460000000,2.48,17.52,370800000,3190000000,2.4,291.6
MLM,0.09064539521392313,9.74,17.4,11.88,5.59,10540000000,13790000000,13.84,19.91,21000000,3270000000,7.2,38.8
ETN,0.09904661016949153,5.25,13.57,13.71,5.58,29310000000,37760000000,10.34,13.33,591000000,8840000000,4.0,28.4
FCX,0.15004238485447866,0.17,8.43,14.49,5.55,16230000000,35390000000,11.06,19.64,2950000000,10160000000,22.1,95.5
AMG,0.14598920863309353,0.31,178.58,6.5,5.49,2650000000,5560000000,0.7,31.12,599000000,2030000000,1.6,None
ALB,0.1170720288115246,5.02,10.5,15.39,5.46,5600000000,8330000000,14.85,21.22,613110000,3190000000,7.7,30.3
NFLX,0.015931804820693708,4.13,87.59,29.12,5.43,158740000000,170100000000,9.26,12.92,5020000000,16370000000,30.6,338.3
BMY,0.05545333417930334,2.01,27.63,10.51,5.35,125630000000,157610000000,13.15,27.02,15390000000,47540000000,33.0,None
LH,0.10898876404494381,8.35,13.57,11.32,5.35,11000000000,17800000000,7.13,12.68,348100000,7110000000,6.0,43.8
VMC,0.07529558182949596,4.63,21.41,11.5,5.32,13150000000,16070000000,12.53,17.7,271590000,3200000000,9.0,13.8
COO,0.04903493191237419,9.08,30.79,12.69,5.31,13750000000,16890000000,16.99,20.42,76800000,2050000000,2.9,12.3
MAR,0.08160621761658031,3.8,15.55,86.95,5.31,19150000000,30880000000,23.69,38.53,225000000,11950000000,6.0,12.0
SWK,0.11261261261261261,6.35,15.0,11.28,5.3,14670000000,19980000000,6.62,11.73,297700000,4090000000,2.2,None
QRVO,0.10103097345132743,2.86,25.69,7.75,5.18,8500000000,9040000000,11.03,16.3,1100000000,1640000000,4.4,132.1
GPC,0.10893416927899686,4.24,13.74,17.33,5.14,8470000000,12760000000,3.2,5.79,276990000,4550000000,2.2,95.2
CMCSA,0.12929660824038242,2.83,12.0,16.75,5.13,154580000000,263580000000,11.98,19.39,5500000000,111990000000,2.0,25.9
LKQ,0.12633624878522837,1.34,19.76,10.97,5.09,8330000000,10290000000,4.33,7.87,523020000,5430000000,0.2,289.4
GILD,0.06516064257028112,4.22,18.53,24.28,5.07,98470000000,99600000000,23.99,22.66,24670000000,25320000000,1.4,766.7
OMC,0.16476462196861627,5.87,8.18,41.43,5.05,10750000000,14020000000,8.95,13.88,4310000000,6850000000,1.3,4.0
RSG,0.08915211970074813,3.33,21.78,13.38,5.01,23150000000,32080000000,10.42,17.25,50700000,8990000000,1.8,3.9
XEC,0.35877862595419846,1.33,0.0,3.57,4.97,1730000000,3930000000,5.27,22.21,94720000,2260000000,5.3,None
TXT,0.18414918414918416,3.5,10.36,15.22,4.95,11870000000,8580000000,5.98,8.51,1180000000,4090000000,7.6,19.1
EXR,0.04770435741864313,3.23,29.72,15.81,4.92,12460000000,18130000000,31.82,48.88,71960000,5360000000,8.8,10.7
TTWO,0.0395417048579285,2.96,40.06,15.29,4.9,13440000000,10910000000,11.81,12.66,1980000000,175510000,25.5,9.1
IBM,0.1095142095337192,10.57,10.06,49.77,4.89,94470000000,153770000000,12.23,13.98,8870000000,68160000000,0.1,88.1
EMN,0.15525876460767946,5.48,8.23,12.8,4.88,6130000000,11980000000,8.19,13.47,205000000,5980000000,7.2,23.5
HAS,0.08355657142857142,4.05,16.53,21.91,4.87,9170000000,8750000000,11.03,11.66,4610000000,4190000000,2.8,949.8
NDAQ,0.06985294117647059,4.63,20.57,13.96,4.8,15650000000,19040000000,18.16,26.68,454000000,3780000000,6.2,None
CCK,0.1114076050700467,3.78,13.93,37.0,4.79,7150000000,14990000000,4.37,10.12,607000000,8180000000,2.1,64.2
IR,0.08786666666666666,0.76,30.91,8.97,4.79,9760000000,6000000000,6.49,14.24,505500000,1680000000,15.0,72.8
FTV,0.06734434561626429,1.97,27.55,10.35,4.78,18260000000,23610000000,10.09,15.84,1210000000,6540000000,13.9,90.9
SNPS,0.035148913619501856,3.11,40.02,12.17,4.76,18710000000,18870000000,14.31,15.3,700360000,858520000,1.7,32.2
AMT,0.03575556754257533,4.24,52.55,28.41,4.72,98680000000,129770000000,24.9,37.79,1500000000,31060000000,9.8,102.7
DIS,0.07032890132960112,5.94,15.8,12.93,4.72,169490000000,228640000000,13.81,15.11,6830000000,51930000000,36.3,24.4
PWR,0.1474136752136752,2.73,11.19,10.62,4.72,4360000000,5850000000,3.32,4.81,164800000,1660000000,0.0,107.9
XRX,0.2626970227670753,5.8,2.91,11.77,4.72,3600000000,5710000000,14.92,12.45,2740000000,4640000000,3.5,497.1
CF,0.14763458401305057,2.23,11.56,11.36,4.71,5570000000,12260000000,10.74,20.39,287000000,4240000000,7.3,12.2
NOC,0.06065673456977805,13.22,16.81,26.44,4.71,53520000000,65780000000,6.64,8.77,2240000000,15450000000,6.9,None
CAG,0.08048684727129957,1.58,19.82,10.0,4.7,15200000000,25470000000,7.37,16.27,99000000,10280000000,5.6,15.5
UTX,0.1668446659546695,6.41,13.42,13.99,4.69,74500000000,84270000000,7.19,13.33,7380000000,46340000000,8.4,66.6
ARNC,0.5075,2.06,3.91,8.33,4.68,3510000000,1200000000,3.09,4.91,72000000,379000000,5.6,87.9
CCL,0.3236168947055324,4.32,1.97,12.01,4.68,6030000000,16810000000,14.36,15.74,518000000,11520000000,7.3,14.2
ADI,0.06537530266343826,3.25,26.63,10.41,4.67,31870000000,37170000000,21.06,28.04,654410000,5950000000,15.4,42.6
VLO,0.23965651834504292,5.85,6.9,12.3,4.67,16480000000,25620000000,2.36,3.78,2580000000,10960000000,3.5,11.3
AAP,0.11504624277456647,6.84,12.38,13.72,4.66,5860000000,8650000000,5.01,7.8,418660000,3240000000,0.4,79.5
TMO,0.05083164930825431,9.17,30.78,12.91,4.65,112550000000,128660000000,14.47,16.68,2400000000,18500000000,4.9,11.6
AMZN,0.03724668855428507,23.01,82.86,21.94,4.64,949120000000,971630000000,4.13,5.14,55020000000,77540000000,20.8,8.0
NCLH,0.2127906976744186,4.3,1.97,14.91,4.64,1800000000,8600000000,14.4,18.33,252880000,7050000000,7.2,21.6
ADP,0.06481317513724101,5.66,22.71,48.64,4.57,55510000000,56470000000,16.94,22.11,1510000000,2470000000,5.1,16.7
MDT,0.06226809687647575,3.41,21.51,9.21,4.54,115620000000,148230000000,15.15,21.52,9850000000,25320000000,0.0,19.7
NBL,0.16727272727272727,3.16,0.0,14.59,4.54,3000000000,11000000000,34.47,34.49,484000000,7770000000,0.1,None
ABT,0.05094023699124163,2.06,38.57,11.89,4.53,140100000000,155280000000,11.56,15.34,4140000000,19100000000,7.1,60.4
RCL,0.19396051103368175,8.95,2.73,15.65,4.52,5100000000,17220000000,17.16,19.16,243740000,11800000000,7.9,13.5
SBAC,0.030823529411764704,1.28,206.88,None,4.52,29640000000,42500000000,7.3,30.45,108310000,12950000000,6.2,17.8
PVH,0.1849112426035503,8.54,3.63,11.01,4.49,2200000000,6760000000,6.57,9.48,555400000,5050000000,2.5,13.9
CNC,0.0952239691486206,3.14,17.39,11.04,4.46,32040000000,33710000000,1.87,3.62,12990000000,14520000000,15.4,13.3
IP,0.17444601603017446,3.07,9.57,16.16,4.45,11560000000,21210000000,5.47,10.68,511000000,10200000000,7.6,47.8
PPL,0.11343893714869699,2.37,9.19,14.17,4.44,16720000000,39140000000,22.47,40.69,815000000,23240000000,0.8,12.3
WHR,0.18811881188118812,18.45,4.48,32.72,4.42,5180000000,10100000000,5.8,6.45,1950000000,5940000000,4.9,69.4
SJM,0.0882034632034632,5.48,20.49,7.72,4.41,12810000000,18480000000,8.21,15.55,74400000,5740000000,2.0,54.4
MHK,0.20914127423822715,49.9,1.24,9.57,4.4,4440000000,7220000000,7.46,9.35,134780000,2900000000,1.0,15.4
BSX,0.05256290773532153,3.33,9.36,41.59,4.38,43610000000,53650000000,43.78,16.82,217000000,10350000000,13.4,935.2
BLL,0.06960120391271633,1.66,37.45,16.29,4.33,20250000000,26580000000,4.93,10.25,1800000000,8060000000,3.0,6.0
ADSK,0.014985581544376802,0.96,144.79,None,4.3,30510000000,31210000000,6.55,11.45,1840000000,2540000000,22.0,103.7
AGCO,0.1783183856502242,1.63,26.69,4.16,4.25,3260000000,4460000000,1.38,5.79,432800000,1550000000,3.0,None
HST,0.1562829989440338,1.26,7.19,12.3,4.21,6330000000,9470000000,16.78,14.99,1570000000,4400000000,2.3,73.6
MDLZ,0.05840864007053119,2.65,19.17,14.64,4.18,72610000000,90740000000,14.96,16.44,1310000000,19200000000,2.1,11.8
IPG,0.14126016260162602,1.68,8.08,24.11,4.17,5270000000,9840000000,7.61,12.91,1190000000,5020000000,0.8,0.8
WYNN,0.11413454270597127,8.15,42.17,18.56,4.15,5210000000,13230000000,1.86,13.59,2350000000,10600000000,2.0,None
AAL,0.18471148126115408,3.79,2.48,None,4.03,4000000000,33620000000,3.68,8.5,3830000000,33440000000,3.4,27.8
AES,0.10801630434782608,0.45,27.14,8.71,4.03,8140000000,29440000000,2.97,20.96,1430000000,20450000000,7.3,None
PKI,0.06151151151151151,2.04,34.94,8.44,4.0,7920000000,9990000000,7.89,13.89,191880000,2260000000,6.5,9.5
MPC,0.18590848171548918,3.97,5.05,7.38,3.96,13040000000,52230000000,2.13,4.89,1530000000,31320000000,3.9,53.4
KR,0.11658313358030072,2.04,15.83,18.43,3.93,25120000000,45890000000,1.36,2.14,399000000,21200000000,2.1,26.3
APA,0.2996845425867508,9.43,0.0,52.85,3.91,2030000000,12680000000,57.19,20.01,247000000,8930000000,2.8,None
KMX,0.060528559249786874,5.15,9.43,24.28,3.9,7940000000,23460000000,4.17,5.84,56580000,15570000000,11.6,9.0
EFX,0.050230529595015574,3.3,0.0,13.59,3.89,13000000000,16050000000,11.37,13.37,401300000,3480000000,8.4,64.1
IRM,0.083729216152019,0.93,23.72,15.48,3.8,6340000000,16840000000,6.27,18.29,193560000,10630000000,1.7,76.1
XRAY,0.09413525498891352,1.17,30.3,5.14,3.8,7850000000,9020000000,6.53,13.06,445300000,1610000000,4.9,583.3
IFF,0.07525423728813559,4.0,24.73,7.39,3.77,10560000000,14750000000,8.87,15.37,606820000,4680000000,5.3,541.6
DHR,0.04546379170056957,4.05,33.34,8.31,3.73,94190000000,98320000000,16.8,18.32,19910000000,22530000000,9.2,70.7
DE,0.07240033124334556,10.26,13.21,28.12,3.72,42500000000,84530000000,8.42,10.85,3310000000,45320000000,4.4,3.8
DXC,0.2900355871886121,6.1,0.0,15.51,3.7,2960000000,11240000000,7.98,8.63,2560000000,10490000000,3.0,82.3
M,0.22826086956521738,1.81,2.66,8.8,3.69,1490000000,8280000000,2.23,4.71,685000000,7480000000,1.4,54.1
DISH,0.11506849315068493,2.6,7.3,14.1,3.68,9930000000,21900000000,10.93,14.67,2860000000,14280000000,2.0,15.5
PYPL,0.032971295577967415,2.07,44.63,15.22,3.68,108370000000,103120000000,13.84,15.7,10760000000,5470000000,17.4,13.2
CI,0.12633718442447583,13.44,12.19,11.85,3.66,60940000000,93480000000,3.32,5.88,5560000000,38040000000,168.9,578.5
CTL,0.19624076974714702,4.92,0.0,31.65,3.65,9930000000,44690000000,23.52,17.61,1690000000,36450000000,3.6,None
HOG,0.08960365198711064,2.68,5.61,23.68,3.64,2300000000,9310000000,7.9,11.5,470650000,7520000000,6.4,626.5
INFO,0.050932090545938745,2.15,28.63,10.45,3.64,24570000000,30040000000,19.74,21.42,143900000,5610000000,3.3,342.1
NEM,0.08735632183908046,3.81,12.37,17.42,3.62,38090000000,43500000000,28.8,18.02,2480000000,6910000000,44.9,150.0
NI,0.10198744769874477,0.87,25.85,6.53,3.62,8600000000,19120000000,7.36,24.74,139300000,9780000000,4.4,None
PSX,0.12682255845942228,6.77,7.62,12.43,3.62,22600000000,36350000000,2.87,3.05,1610000000,13020000000,0.1,67.1
HAL,0.19510664993726473,1.29,0.0,12.85,3.6,6700000000,15940000000,5.05,6.61,2270000000,11500000000,12.6,None
WBA,0.08181585021800461,4.08,9.99,14.65,3.6,36070000000,77980000000,2.7,3.37,811000000,42060000000,1.6,24.8
IT,0.051605786618444845,2.56,35.87,26.07,3.55,8180000000,11060000000,5.49,8.93,280840000,3160000000,10.5,19.4
NLSN,0.09387121799844841,1.17,0.0,14.84,3.55,4340000000,12890000000,6.39,12.88,454000000,8810000000,2.0,None
ALL,0.2242292120834631,14.03,6.13,20.49,3.53,27240000000,32110000000,10.85,14.68,4590000000,7220000000,21.0,None
CVS,0.10504801453412925,5.08,10.97,10.81,3.53,72670000000,154120000000,2.59,4.62,8060000000,89000000000,22.9,None
AWK,0.06,3.43,33.04,10.36,3.47,20510000000,30000000000,17.2,33.79,68000000,9560000000,6.1,12.5
ZBH,0.08779761904761904,5.47,16.82,9.56,3.47,19020000000,26880000000,14.18,16.98,617900000,8500000000,2.6,None
BDX,0.06301844744335769,2.76,82.06,4.28,3.42,61480000000,80770000000,5.26,16.53,568000000,19850000000,1.6,53.6
PEG,0.10187805505531258,3.33,13.32,11.49,3.41,22410000000,38870000000,16.8,25.19,147000000,16530000000,0.4,119.6
KHC,0.11190719890822245,1.58,16.03,3.73,3.4,30930000000,58620000000,7.75,22.29,2280000000,29850000000,5.2,None
JNPR,0.10832826747720364,0.99,20.31,7.31,3.39,6650000000,6580000000,7.76,11.11,1960000000,1890000000,2.3,12.4
FRT,0.06691552511415524,4.61,14.28,13.4,3.37,4980000000,8760000000,37.9,37.75,127530000,3500000000,1.6,170.3
UA,0.11020565552699228,0.2,36.85,4.42,3.33,3600000000,3890000000,1.75,4.6,788070000,1300000000,3.7,None
UAA,0.10134751773049645,0.2,40.49,4.42,3.33,3500000000,4230000000,1.75,4.6,788070000,1300000000,3.7,None
AVGO,0.07623284572462675,6.05,38.75,11.07,3.29,93660000000,132620000000,11.64,17.78,6440000000,45380000000,1.2,18.3
MU,0.1796716887789521,2.02,20.41,6.48,3.29,45840000000,44470000000,11.72,13.03,7480000000,6010000000,17.8,75.0
CMS,0.07525025888850535,2.39,22.82,13.85,3.24,15500000000,28970000000,9.93,19.43,140000000,13290000000,1.9,54.6
T,0.13354305139783856,1.89,14.49,7.57,3.2,197250000000,394180000000,7.67,15.31,12190000000,191680000000,2.4,50.7
TAP,0.13002232142857142,1.11,36.95,1.8,3.18,8880000000,17920000000,2.29,14.19,523400000,9320000000,2.8,115.4
KMI,0.09632816100783531,0.96,13.94,6.39,3.15,30370000000,65090000000,16.58,29.2,1160000000,34720000000,11.3,23.5
BXP,0.06296296296296296,3.3,25.16,8.03,3.11,12880000000,27000000000,17.82,35.28,644950000,12240000000,0.9,5.1
HPE,0.21640853913771452,0.89,10.43,6.77,3.1,11980000000,23890000000,4.22,9.05,3170000000,15020000000,8.0,88.1
NEE,0.0640860492077805,7.76,28.56,8.5,3.09,108370000000,155260000000,19.63,28.5,600000000,42640000000,4.5,131.0
NWL,0.11379928315412187,0.25,47.58,3.63,3.08,5370000000,11160000000,1.1,8.47,348600000,6400000000,3.8,332.6
EQIX,0.03673406389874981,5.99,104.29,6.32,3.07,53380000000,64790000000,9.26,19.82,1870000000,13290000000,6.7,13.6
EXPE,0.13004926108374384,3.77,12.92,10.19,3.05,6820000000,10150000000,4.68,7.96,3840000000,5590000000,7.3,347.1
D,0.07277203348104382,1.62,42.85,4.91,3.04,58280000000,101550000000,8.19,26.65,167000000,39000000000,33.1,57.4
ESS,0.05831995719636169,6.66,28.66,7.22,3.04,12630000000,18690000000,27.81,38.66,71090000,5890000000,17.5,9.3
AEE,0.08714918759231906,3.35,20.52,10.44,3.02,16960000000,27080000000,14.67,24.03,16000000,9830000000,7.2,38.2
MYL,0.17326478149100258,0.03,458.0,0.14,2.99,7090000000,19450000000,0.15,13.33,563700000,12920000000,3.7,60.0
SO,0.08482142857142858,4.5,11.17,15.41,2.97,53000000000,105280000000,22.12,26.15,1980000000,48690000000,7.9,58.6
WRK,0.16771608471665714,3.32,7.73,7.4,2.96,6640000000,17470000000,4.69,7.94,156400000,10970000000,2.2,0.4
ABC,0.12704471101417666,3.09,26.35,20.82,2.94,16750000000,18340000000,0.36,1.03,3230000000,4710000000,5.4,52.3
ES,0.0678342377898372,2.81,26.71,7.5,2.93,25240000000,40540000000,10.66,21.83,15430000,15630000000,0.8,8.1
SLB,0.1888313183649971,7.32,0.0,33.27,2.93,19840000000,34740000000,30.8,9.02,2170000000,16710000000,0.6,38.2
ED,0.08955848503871103,4.08,19.09,8.22,2.9,26000000000,47790000000,10.68,20.64,981000000,22580000000,0.1,10.9
LNT,0.07363687464867903,2.33,19.38,10.94,2.9,11060000000,17790000000,15.28,20.44,16300000,6540000000,0.8,30.7
GLW,0.12842778793418647,1.07,16.77,7.14,2.89,13660000000,21880000000,8.35,11.35,2430000000,8250000000,7.2,89.0
WEC,0.06259426847662142,3.58,23.81,11.28,2.86,26890000000,39780000000,15.07,20.84,37500000,12780000000,6.2,19.0
FTI,0.46647230320699706,5.39,0.0,26.57,2.83,3200000000,3430000000,18.01,8.16,5280000000,5430000000,12.2,None
HIG,0.24981949458483754,5.66,5.68,14.2,2.83,11520000000,13850000000,10.06,14.53,3110000000,5110000000,15.8,179.6
MCHP,0.0790433725172274,2.53,25.34,11.98,2.83,15670000000,24670000000,12.23,15.3,402300000,9730000000,6.4,532.3
CNP,0.12079646017699115,1.33,10.11,9.64,2.8,6760000000,22600000000,6.43,11.36,1060000000,15180000000,6.4,30.8
CCI,0.0367211561241412,1.79,81.35,7.8,2.79,60690000000,84420000000,14.92,27.61,196000000,23930000000,1.5,20.1
FE,0.076044703595724,1.68,22.52,13.11,2.79,20560000000,41160000000,8.41,16.93,627000000,21270000000,1.2,None
CHTR,0.0939532230462065,7.45,58.23,4.79,2.78,101590000000,175300000000,3.64,14.3,3480000000,80330000000,4.7,141.2
AVB,0.0573959938366718,5.63,23.48,7.27,2.77,18610000000,25960000000,33.77,35.68,39690000,7440000000,2.8,56.5
MGM,0.11594202898550725,3.88,2.73,18.98,2.77,5210000000,23460000000,16.44,11.38,2330000000,15540000000,4.7,None
O,0.059336823734729496,1.38,31.59,4.88,2.74,14970000000,22920000000,29.26,49.78,54010000,8060000000,16.0,52.0
EQR,0.05714285714285714,2.6,20.89,9.27,2.73,20180000000,30450000000,35.92,33.65,45750000,9370000000,4.8,147.3
DTE,0.07696776067383096,6.31,13.81,10.39,2.72,16780000000,34430000000,9.23,13.43,93000000,17610000000,16.1,39.8
CAH,0.13448275862068965,14.23,0.0,119.52,2.7,13600000000,20300000000,2.81,1.18,1660000000,8360000000,5.3,21.4
XEL,0.07528156490812092,2.51,23.71,10.78,2.69,30600000000,50610000000,11.9,18.02,274000000,20530000000,2.8,36.4
AJG,0.065643197458973,3.52,21.66,14.63,2.67,14460000000,18890000000,9.7,11.15,604800000,5080000000,2.9,16.0
CVX,0.17350233169915102,1.54,48.77,1.89,2.67,141160000000,167260000000,2.09,7.49,5750000000,30860000000,14.3,None
FISV,0.04308666017526777,1.71,50.4,4.92,2.65,58290000000,82160000000,8.77,18.49,893000000,22640000000,160.8,13.6
IVZ,0.17025641025641025,1.28,6.1,6.14,2.64,3580000000,9750000000,11.25,24.3,1080000000,2450000000,38.8,109.3
JCI,0.10223880597014925,6.55,3.89,6.42,2.64,19450000000,26800000000,22.75,7.95,2160000000,8390000000,2.0,55.2
SRCL,0.07734957020057306,3.81,0.0,14.03,2.59,3900000000,6980000000,10.48,8.07,34700000,3120000000,6.2,None
GT,0.20933521923620935,1.34,0.0,6.18,2.58,1250000000,7070000000,2.11,4.77,908000000,6530000000,4.2,None
KIM,0.08095068807339449,0.8,9.71,7.97,2.56,3360000000,8720000000,35.43,38.81,123950000,5410000000,4.2,24.1
EIX,0.1001727115716753,3.77,13.09,9.12,2.52,17900000000,40530000000,10.4,19.79,68000000,19590000000,1.3,None
PRGO,0.09157952069716775,1.07,41.46,2.55,2.49,6040000000,9180000000,3.02,9.18,360900000,3500000000,10.7,None
AEP,0.0774542179525668,3.88,18.69,9.82,2.48,35880000000,66620000000,12.35,18.43,449500000,30840000000,4.9,57.8
SRE,0.06637240477358182,7.29,14.3,9.73,2.47,30490000000,61170000000,20.29,23.04,108000000,26670000000,4.1,46.4
WELL,0.0722588752748979,3.05,12.22,8.06,2.47,15300000000,31830000000,24.06,24.58,284920000,15390000000,1.7,97.7
PNW,0.10007358351729213,4.77,14.3,10.23,2.4,7670000000,13590000000,15.51,20.02,10280000,5810000000,11.4,145.4
IQV,0.05998723675813657,0.96,107.0,3.44,2.39,19810000000,31340000000,1.72,7.89,899000000,12220000000,7.7,76.8
MAA,0.05998642533936652,2.05,30.74,5.79,2.38,10780000000,15470000000,21.56,26.21,20580000,4490000000,4.7,144.1
WLTW,0.06480218281036836,5.85,19.59,7.47,2.38,20220000000,29320000000,8.99,15.63,992000000,5850000000,0.9,33.5
ADM,0.09062170706006323,2.44,14.2,7.2,2.34,19310000000,28470000000,2.13,2.45,855000000,9920000000,2.4,60.0
DUK,0.08959894589475417,5.06,15.03,7.8,2.34,55800000000,121430000000,15.2,23.14,311000000,62900000000,6.9,45.3
ADS,0.060030015007503754,5.46,4.85,29.21,2.33,1260000000,19990000000,4.98,18.96,3870000000,22600000000,0.2,65.8
EXC,0.13082191780821917,3.01,10.88,8.96,2.32,31900000000,73000000000,8.52,13.16,587000000,39330000000,5.3,425.2
WY,0.0628154795288839,0.1,0.0,0.88,2.28,11440000000,17830000000,1.16,9.38,139000000,6530000000,5.4,None
GPN,0.041523235800344234,2.16,58.47,2.91,2.27,37910000000,46480000000,8.77,21.32,1680000000,10120000000,125.7,36.6
REG,0.07703789473684211,1.69,22.58,3.82,2.27,5470000000,9500000000,20.56,34.47,116010000,4140000000,4.6,48.9
ETR,0.09617989704687077,6.3,13.23,12.7,2.21,16740000000,36910000000,11.41,16.28,425720000,20120000000,2.0,None
VTR,0.083531086853346,1.17,19.25,4.13,2.21,8400000000,21070000000,11.22,21.69,106360000,12410000000,8.7,81.6
CME,0.048109437442360896,5.91,29.4,8.12,2.17,62280000000,65060000000,43.57,54.68,1630000000,4400000000,8.2,21.8
CXO,0.16150943396226414,3.55,0.0,3.86,2.14,9400000000,13250000000,16.36,20.28,70000000,3990000000,16.9,None
BLK,0.09381829534811115,28.43,14.71,13.22,2.13,65130000000,64060000000,30.79,38.54,7980000000,5930000000,15.8,40.3
OXY,0.1478013710081926,1.22,0.0,1.82,2.1,11640000000,59810000000,3.27,12.65,3040000000,41440000000,31.9,None
HP,0.4083555555555556,0.24,0.0,0.24,2.06,1700000000,1800000000,0.82,7.39,412050000,531540000,17.0,61.4
COTY,0.12024756852343059,3.689,0.0,43.59,2.05,3500000000,11310000000,33.12,7.54,288800000,7990000000,6.6,None
FIS,0.03750275755570263,0.66,174.58,1.01,2.05,71010000000,90660000000,2.88,17.03,1150000000,20790000000,54.2,None
XOM,0.13696110537885245,3.36,11.68,7.43,2.05,165940000000,222910000000,5.61,4.55,3090000000,52770000000,7.7,5.2
EQT,0.2951251646903821,4.79,0.0,11.77,2.04,2240000000,7590000000,32.88,17.4,4600000,5350000000,41.1,None
TRV,0.1659491193737769,9.92,9.46,10.74,2.03,23940000000,25550000000,8.3,11.03,5440000000,6940000000,3.4,40.6
DRE,0.037343771272974814,1.18,25.12,8.83,2.02,10900000000,14690000000,43.57,26.61,110890000,2960000000,13.9,35.8
AFL,0.1788834029624003,4.43,7.32,12.61,1.99,23420000000,26330000000,14.81,20.95,5530000000,8450000000,9.3,48.8
PLD,0.03353000431716794,2.46,29.87,6.56,1.9,54390000000,69490000000,44.55,33.76,1090000000,12380000000,5.3,35.3
CB,0.09367562053723223,9.71,10.59,8.43,1.89,46470000000,58820000000,13.01,15.21,5830000000,18180000000,15.2,230.4
SLG,0.06471115537848605,3.11,12.44,4.54,1.87,3010000000,10040000000,23.23,31.52,170490000,5960000000,1.1,None
ICE,0.0608728943338438,3.42,23.68,11.31,1.81,44470000000,52240000000,37.16,52.29,841000000,8150000000,0.8,26.7
MAC,0.09314485981308411,0.68,7.47,3.41,1.78,714960000,6420000000,9.92,26.13,100000000,5610000000,4.5,128.9
GM,0.11197825324447562,4.57,3.95,15.03,1.77,25780000000,114040000000,4.91,4.7,20480000000,104570000000,19.7,None
DLR,0.04562834565383635,1.25,99.12,3.2,1.76,27000000000,39230000000,10.83,20.09,137870000,11170000000,9.6,9.6
UDR,0.036672031076581575,0.63,50.19,4.09,1.76,9320000000,18020000000,13.75,20.82,4360000,3680000000,7.6,70.0
NOV,0.013686131386861315,15.96,0.0,56.07,1.74,3800000000,5480000000,71.88,5.4,1170000000,2780000000,4.9,None
VNO,0.05633269841269841,16.21,1.97,47.32,1.73,6090000000,15750000000,157.12,24.55,1520000000,8000000000,11.5,82.0
NWS,0.11773333333333333,0.31,0.0,1.24,1.71,4860000000,7500000000,1.88,4.56,1270000000,2760000000,5.6,10.5
NWSA,0.11820615796519411,0.31,0.0,1.24,1.71,4810000000,7470000000,1.88,4.56,1270000000,2760000000,5.6,10.5
WDC,0.05048966267682263,4.04,0.0,11.76,1.7,11420000000,18380000000,7.66,4.7,3140000000,10090000000,0.0,None
ARE,0.03949257425742574,3.12,41.66,4.47,1.68,16390000000,24240000000,23.56,28.71,189680000,7050000000,20.9,None
HES,0.15463331438317227,1.37,0.0,2.33,1.67,10230000000,17590000000,6.46,9.13,1540000000,7930000000,1.5,None
UNM,0.3541666666666667,5.24,2.57,11.84,1.54,2730000000,4800000000,9.17,13.23,1380000000,3440000000,5.3,18.9
AIV,0.05437310414560162,3.15,9.73,26.55,1.51,4560000000,9890000000,51.81,17.22,142900000,4560000000,0.5,702.5
MRO,0.38917525773195877,0.59,6.19,3.95,1.51,2900000000,7760000000,9.37,9.8,858000000,5710000000,11.0,None
MAT,0.06935687022900763,0.62,0.0,36.86,1.41,2680000000,5240000000,4.74,2.64,630030000,3190000000,3.3,98.2
GE,0.08527519656897783,0.62,0.0,1.04,1.39,58550000000,139900000000,5.23,6.76,14510000000,94040000000,1.0,4.3
L,0.1405043746783325,3.07,10.65,4.02,1.39,9260000000,19430000000,6.25,11.97,5020000000,12230000000,17.2,None
AMP,0.28146853146853146,13.92,6.49,33.45,1.31,11110000000,11440000000,14.69,23.57,5280000000,5590000000,3.2,14.1
MOS,0.1638349514563107,2.78,0.0,10.92,1.27,3760000000,8240000000,11.98,4.5,519100000,4810000000,17.6,None
AIZ,0.11831967213114754,5.84,16.91,7.15,1.08,5900000000,7320000000,3.86,7.46,2300000000,3690000000,11.1,410.4
WMB,0.05958363244795405,0.7,0.0,4.51,1.07,32660000000,41790000000,10.36,9.49,289000000,22500000000,None,None
PCG,0.15480188045668233,14.5,0.0,83.71,1.06,4200000000,29780000000,44.7,8.04,1570000000,26900000000,16.0,None
BA,0.0019001574094895436,1.12,0.0,None,1.05,70260000000,88940000000,0.83,2.75,10030000000,28530000000,36.8,None
AGN,0.09954751131221719,16.02,0.0,8.54,0.9,57810000000,75140000000,32.76,8.83,5910000000,23220000000,6.6,None
AIG,0.29957805907172996,3.74,5.46,6.61,0.87,17620000000,40290000000,6.73,14.19,15900000000,36080000000,6.4,None
MET,0.08419543173204957,6.06,4.57,9.9,0.69,25390000000,97630000000,8.47,11.28,27150000000,99160000000,9.5,71.3
DVN,0.26635514018691586,0.89,0.0,1.05,0.67,3210000000,6420000000,5.95,2.96,1460000000,4550000000,59.8,None
F,0.0736995174829797,0.01,424.0,0.24,0.64,16810000000,151290000000,0.03,1.7,22290000000,156720000000,5.0,None
FDX,0.06676631788739412,1.34,0.0,1.8,0.47,28530000000,60210000000,0.5,0.67,1770000000,33440000000,2.8,57.4
PFG,0.2316043425814234,4.96,5.32,10.78,0.41,7250000000,8290000000,8.59,10.44,3400000000,4090000000,7.3,27.2
PRU,0.18675315807442813,10.11,4.56,7.52,0.37,18250000000,29290000000,6.47,7.75,25960000000,36340000000,2.2,34.0
LNC,0.3081632653061224,4.38,5.36,5.21,0.28,4580000000,4900000000,5.13,8.35,7240000000,7550000000,4.1,8.3
